date, pm25, pm10, so2
2020/10/2, 59, 51, 5
2020/10/4, 59, 27, 5
2020/10/5, 59, 47, 8
2020/10/6, 59, 47, 9
2020/10/7, 59, 54, 12
2020/10/8, 59, 58, 6
2020/10/9, 40, 33, 7
2020/7/2, 92, , 1
2020/7/3, 113, , 1
2020/7/4, 102, , 
2020/7/5, 55, , 1
2020/7/6, 74, , 1
2020/7/7, 102, , 1
2020/7/8, 101, , 1
2020/7/9, 90, , 1
2020/7/10, 67, , 
2020/7/11, 22, , 1
2020/7/12, 54, , 1
2020/7/13, 70, , 1
2020/7/14, 61, , 
2020/7/15, 53, , 
2020/7/16, 44, , 
2020/7/17, 42, , 
2020/7/18, 43, , 1
2020/7/19, 63, , 1
2020/7/20, 58, , 1
2020/7/21, 47, , 1
2020/8/4, 59, , 1
2020/8/5, 45, , 1
2020/8/6, 57, , 1
2020/8/7, 49, , 1
2020/8/8, 40, , 1
2020/8/12, 82, , 1
2020/8/13, 66, , 1
2020/8/14, 58, , 
2020/8/15, 63, , 
2020/8/16, 62, , 
2020/9/13, 72, 10, 2
2020/9/14, 41, 14, 2
2020/9/15, 62, 11, 2
2020/9/16, 37, , 
2020/9/22, 78, 83, 3
2020/9/23, 89, 75, 3
2020/9/24, 84, 220, 4
2020/9/25, 63, 132, 4
2020/9/26, 59, 50, 2
2020/9/27, 59, 111, 5
2020/9/28, 59, 142, 5
2020/9/29, 59, 90, 6
2020/9/30, 59, 33, 4
2020/10/1, 59, 49, 8
2020/4/2, 103, , 11
2020/4/3, 114, , 11
2020/4/4, 109, , 8
2020/4/5, 107, , 8
2020/4/6, 114, , 5
2020/4/7, 105, , 5
2020/4/8, 96, , 7
2020/4/9, 97, , 6
2020/4/10, 97, , 7
2020/4/11, 121, , 6
2020/4/12, 113, , 12
2020/4/13, 152, , 4
2020/4/14, 145, , 1
2020/4/15, 100, , 1
2020/4/16, 62, , 5
2020/4/17, 114, , 6
2020/4/18, 126, , 4
2020/4/19, 86, , 2
2020/4/20, 72, , 4
2020/4/21, 79, , 10
2020/4/22, 117, , 5
2020/4/23, 132, , 11
2020/4/24, 155, , 11
2020/4/25, 195, , 6
2020/4/26, 161, , 5
2020/4/27, 151, , 6
2020/4/28, 133, , 2
2020/4/29, 139, , 4
2020/4/30, 145, , 1
2020/5/1, 136, , 1
2020/5/2, 122, , 1
2020/5/3, 67, , 1
2020/5/4, 96, , 1
2020/5/5, 101, , 
2020/5/6, 112, , 1
2020/5/7, 116, , 1
2020/5/8, 77, , 2
2020/5/9, 75, , 1
2020/5/16, 57, , 1
2020/5/17, 53, , 1
2020/5/18, 64, , 2
2020/5/19, 83, , 1
2020/5/20, 92, , 2
2020/5/21, 78, , 1
2020/5/22, 53, , 1
2020/5/23, 43, , 1
2020/5/24, 55, , 2
2020/5/25, 93, , 1
2020/5/26, 78, , 1
2020/5/27, 90, , 1
2020/5/28, 106, , 
2020/5/29, 73, , 
2020/5/30, 31, , 1
2020/5/31, 53, , 5
2020/6/1, 76, , 1
2020/6/2, 85, , 1
2020/6/3, 69, , 2
2020/6/4, 88, , 2
2020/6/5, 77, , 4
2020/6/6, 99, , 2
2020/6/7, 90, , 1
2020/6/8, 74, , 1
2020/6/9, 59, , 4
2020/6/10, 87, , 2
2020/6/11, 86, , 1
2020/6/12, 74, , 1
2020/6/13, 60, , 1
2020/6/14, 78, , 2
2020/6/15, 103, , 2
2020/6/16, 59, , 2
2020/2/12, 164, , 
2020/2/13, 107, , 
2020/2/14, 41, , 
2020/2/15, 212, , 
2020/2/16, 308, , 
2020/2/17, 315, , 
2020/2/18, 316, , 
2020/2/19, 303, , 
2020/2/20, 237, , 
2020/2/21, 97, , 
2020/2/22, 202, , 39
2020/2/23, 211, , 37
2020/2/24, 241, , 24
2020/2/25, 174, , 20
2020/2/26, 118, , 16
2020/2/27, 121, , 22
2020/2/28, 177, , 27
2020/2/29, 184, , 15
2020/3/1, 116, , 20
2020/3/2, 161, , 2
2020/3/3, 54, , 25
2020/3/4, 124, , 37
2020/3/5, 195, , 29
2020/3/6, 172, , 20
2020/3/7, 155, , 33
2020/3/8, 172, , 13
2020/3/9, 86, , 20
2020/3/10, 159, , 26
2020/3/11, 169, , 26
2020/3/12, 150, , 15
2020/3/13, 145, , 16
2020/3/14, 125, , 15
2020/3/15, 129, , 18
2020/3/16, 123, , 13
2020/3/17, 103, , 14
2020/3/18, 134, , 4
2020/3/19, 54, , 11
2020/3/20, 91, , 7
2020/3/21, 96, , 9
2020/3/22, 108, , 8
2020/3/23, 103, , 11
2020/3/24, 113, , 11
2020/3/25, 120, , 3
2020/3/26, 53, , 6
2020/3/27, 84, , 9
2020/3/28, 96, , 11
2020/3/29, 106, , 9
2020/3/30, 103, , 3
2020/3/31, 80, , 9
2020/4/1, 108, , 8
2019/10/2, 77, 23, 1
2019/10/3, 38, 45, 
2019/10/4, 50, 83, 
2019/10/5, 102, 109, 
2019/10/6, 121, 147, 
2019/10/7, 120, 163, 
2019/10/8, 101, 201, 
2019/10/9, 134, 258, 
2019/10/10, 128, 96, 
2019/10/11, 99, 84, 
2019/10/12, 74, 98, 
2019/10/13, 131, 105, 
2019/10/14, 115, 133, 11
2019/10/15, 144, 273, 16
2019/10/16, 167, 336, 22
2019/10/17, 171, 291, 15
2019/10/18, 160, 145, 18
2019/10/19, 122, 81, 4
2019/10/20, 80, 47, 11
2019/10/21, 120, 86, 17
2019/10/22, 131, 71, 7
2019/10/23, 89, 56, 4
2019/10/24, 54, 92, 13
2019/10/25, 145, 104, 17
2019/10/26, 142, 115, 22
2019/10/27, 152, 92, 12
2019/10/28, 103, 57, 15
2019/10/29, 125, 78, 23
2019/10/30, 161, 93, 16
2019/10/31, 134, 104, 21
2019/11/1, 150, 133, 17
2019/11/2, 146, 149, 17
2019/11/3, 167, 272, 18
2019/11/4, 148, 115, 6
2019/11/5, 92, 260, 19
2019/11/6, 172, 168, 6
2019/11/7, 95, 202, 18
2019/11/8, 154, 236, 27
2019/11/9, 166, 154, 17
2019/11/10, 152, 135, 9
2019/11/11, 120, 69, 19
2019/11/12, 141, 109, 8
2019/11/13, 73, 47, 23
2019/11/14, 140, 83, 41
2019/11/15, 245, 62, 33
2019/11/16, 176, 76, 18
2019/11/17, 102, 85, 8
2019/11/18, 62, 24, 25
2019/11/19, 149, 96, 52
2019/11/20, 203, 87, 53
2019/11/21, 242, 98, 60
2019/11/22, 266, 66, 14
2019/11/23, 119, 68, 28
2019/11/24, 172, 64, 25
2019/11/25, 167, 120, 59
2019/11/26, 289, 79, 28
2019/11/27, 178, 93, 49
2019/11/28, 229, 171, 65
2019/11/29, 322, 71, 28
2019/11/30, 183, 53, 29
2019/12/1, 158, 91, 48
2019/12/2, 269, 88, 51
2019/12/3, 255, 103, 53
2019/12/4, 294, 85, 57
2019/12/5, 246, 79, 49
2019/12/6, 230, 135, 63
2019/12/7, 367, 116, 60
2019/12/8, 308, 120, 51
2019/12/9, 300, 92, 41
2019/12/10, 252, 60, 33
2019/12/11, 173, 80, 46
2019/12/12, 226, 119, 57
2019/12/13, 323, 95, 52
2019/12/14, 285, 92, 49
2019/12/15, 252, 190, 57
2019/12/16, 333, 49, 10
2019/12/17, 114, 55, 26
2019/12/18, 169, 132, 53
2019/12/19, 292, 82, 45
2019/12/20, 240, 107, 55
2019/12/21, 291, 104, 58
2019/12/22, 276, 155, 59
2019/12/23, 348, 99, 54
2019/12/24, 282, 33, 16
2019/12/25, 114, 94, 55
2019/12/26, 262, 135, 68
2019/12/27, 369, , 
2019/7/2, 111, 86, 4
2019/7/3, 164, 82, 1
2019/7/4, 169, 68, 
2019/7/5, 128, 41, 
2019/7/6, 142, 77, 9
2019/7/7, 165, 75, 1
2019/7/8, 156, 65, 1
2019/7/9, 80, 83, 1
2019/7/10, 105, 165, 2
2019/7/11, 141, 60, 3
2019/7/12, 129, 48, 1
2019/7/13, 92, 65, 1
2019/7/14, 156, 70, 4
2019/7/15, 125, 61, 1
2019/7/16, 139, 57, 3
2019/7/17, 93, 36, 3
2019/7/18, 108, 63, 1
2019/7/19, 127, 38, 
2019/7/20, 65, 46, 1
2019/7/21, 63, 87, 2
2019/7/22, 84, 28, 
2019/7/23, 50, 15, 
2019/7/24, 32, 14, 
2019/7/25, 30, 56, 1
2019/7/26, 50, 44, 1
2019/7/28, 52, 12, 
2019/7/29, 45, 5, 
2019/7/30, 24, 35, 
2019/7/31, 105, 80, 1
2019/8/1, 204, 72, 1
2019/8/2, 174, , 1
2019/8/3, 156, , 3
2019/8/4, 145, , 1
2019/8/5, 131, 16, 1
2019/8/6, 72, 16, 1
2019/8/7, 50, 39, 
2019/8/8, 72, 53, 6
2019/8/9, 104, 16, 
2019/8/10, 69, 47, 1
2019/8/11, 78, 65, 3
2019/8/12, 70, 21, 
2019/8/13, 47, 41, 2
2019/8/14, 63, 28, 1
2019/8/15, 53, 30, 
2019/8/16, 40, 48, 
2019/8/17, 60, 52, 1
2019/8/18, 64, 24, 
2019/8/19, 48, 26, 1
2019/8/20, 64, 32, 
2019/8/21, 81, 48, 1
2019/8/22, 78, 63, 5
2019/8/23, 71, 61, 2
2019/8/24, 71, 30, 3
2019/8/25, 51, 50, 1
2019/8/26, 54, 59, 
2019/8/27, 55, 66, 
2019/8/28, 67, 61, 2
2019/8/29, 67, 68, 3
2019/8/30, 57, 74, 1
2019/8/31, 72, 87, 1
2019/9/1, 78, 99, 3
2019/9/2, 92, 126, 5
2019/9/3, 119, 131, 3
2019/9/4, 105, 107, 6
2019/9/5, 105, 102, 4
2019/9/6, 106, 61, 3
2019/9/7, 70, 29, 
2019/9/8, 39, 48, 
2019/9/9, 50, 45, 3
2019/9/10, 59, 74, 4
2019/9/11, 80, 61, 3
2019/9/12, 82, , 1
2019/9/13, 62, , 2
2019/9/14, 67, , 3
2019/9/15, 72, , 1
2019/9/16, 63, , 3
2019/9/17, 86, , 1
2019/9/18, 61, , 2
2019/9/19, 76, , 3
2019/9/20, 97, , 3
2019/9/21, 89, , 5
2019/9/22, 93, , 4
2019/9/23, 100, , 4
2019/9/24, 107, , 4
2019/9/25, 117, , 4
2019/9/26, 135, 396, 4
2019/9/27, 136, 275, 
2019/9/28, 125, 98, 
2019/9/29, 91, 240, 
2019/9/30, 108, 115, 
2019/10/1, 103, 167, 1
2019/4/2, 190, 102, 5
2019/4/3, 185, 172, 6
2019/4/4, 197, 125, 3
2019/4/5, 122, 81, 2
2019/4/6, 113, 86, 4
2019/4/7, 168, 71, 6
2019/4/8, 197, 74, 5
2019/4/9, 153, 78, 4
2019/4/10, 135, 122, 3
2019/4/11, 163, 85, 4
2019/4/12, 153, 87, 2
2019/4/13, 126, 91, 3
2019/4/14, 141, 90, 3
2019/4/15, 142, 142, 5
2019/4/16, 162, 193, 2
2019/4/17, 150, 125, 2
2019/4/18, 113, 149, 4
2019/4/19, 158, 357, 3
2019/4/20, 180, 69, 5
2019/4/21, 140, 193, 7
2019/4/22, 178, 84, 1
2019/4/23, 153, 61, 1
2019/4/24, 97, 110, 6
2019/4/25, 147, 115, 4
2019/4/26, 136, 324, 6
2019/4/27, 171, 106, 4
2019/4/28, 157, 88, 6
2019/4/29, 150, 76, 3
2019/4/30, 124, 76, 4
2019/5/1, 130, 98, 4
2019/5/2, 133, 102, 4
2019/5/3, 140, 81, 2
2019/5/4, 146, 68, 2
2019/5/5, 117, 72, 2
2019/5/6, 130, 77, 2
2019/5/7, 157, , 3
2019/5/8, 154, , 3
2019/5/9, 162, , 1
2019/5/10, 165, , 
2019/5/11, 115, , 1
2019/5/12, 120, , 2
2019/5/13, 208, , 2
2019/5/14, 170, 112, 2
2019/5/15, 166, 44, 2
2019/5/16, 99, 60, 2
2019/5/17, 104, 50, 1
2019/5/18, 77, 64, 2
2019/5/19, 95, 86, 3
2019/5/20, 163, 84, 3
2019/5/21, 150, 76, 2
2019/5/22, 143, 130, 2
2019/5/23, 176, 111, 2
2019/5/24, 177, 69, 1
2019/5/25, 136, 39, 1
2019/5/26, 78, 60, 1
2019/5/27, 77, 82, 2
2019/5/28, 105, 114, 5
2019/5/29, 127, 70, 1
2019/5/30, 101, 75, 1
2019/5/31, 109, 87, 1
2019/6/1, 127, 170, 3
2019/6/2, 144, 53, 
2019/6/3, 87, 100, 1
2019/6/4, 113, 60, 
2019/6/5, 78, 93, 2
2019/6/6, 120, 84, 
2019/6/7, 117, 78, 1
2019/6/8, 118, 77, 1
2019/6/9, 126, 97, 1
2019/6/10, 144, 108, 2
2019/6/11, 130, 98, 1
2019/6/12, 142, 72, 
2019/6/13, 112, 83, 1
2019/6/14, 135, 170, 3
2019/6/15, 153, 189, 1
2019/6/16, 148, 33, 1
2019/6/17, 84, 35, 1
2019/6/18, 75, 40, 4
2019/6/19, 67, 64, 
2019/6/20, 76, 82, 2
2019/6/21, 121, 133, 3
2019/6/22, 145, 126, 4
2019/6/23, 143, 99, 2
2019/6/24, 147, 111, 1
2019/6/25, 189, 33, 
2019/6/26, 89, 52, 2
2019/6/27, 116, 18, 
2019/6/28, 43, 25, 
2019/6/29, 47, 40, 
2019/6/30, 60, 64, 
2019/7/1, 95, 65, 1
2019/3/12, 156, 103, 4
2019/3/13, 172, 142, 7
2019/3/14, 198, 150, 6
2019/3/15, 165, 138, 8
2019/3/16, 206, 155, 6
2019/3/17, 208, 110, 4
2019/3/18, 171, 351, 11
2019/3/19, 208, 85, 2
2019/3/20, 90, 79, 2
2019/3/21, 104, 88, 5
2019/3/22, 166, 76, 3
2019/3/23, 133, 99, 6
2019/3/24, 178, 144, 7
2019/3/25, 173, 124, 6
2019/3/26, 181, 204, 6
2019/3/27, 167, 74, 2
2019/3/28, 111, 122, 5
2019/3/29, 156, 85, 3
2019/3/30, 132, 89, 4
2019/3/31, 201, 101, 6
2019/4/1, 189, 107, 6
2018/10/2, 96, 73, 5
2018/10/3, 93, 122, 8
2018/10/4, 96, 69, 4
2018/10/5, 56, 23, 3
2018/10/6, 32, 32, 4
2018/10/7, 42, 17, 3
2018/10/8, 37, 34, 4
2018/10/9, 80, 58, 7
2018/10/10, 97, 75, 9
2018/10/11, 125, 70, 13
2018/10/12, 97, 73, 10
2018/10/13, 87, 84, 8
2018/10/14, 58, 73, 7
2018/10/25, 82, 70, 6
2018/10/26, 66, 89, 15
2018/10/27, 185, 67, 16
2018/10/28, 144, 56, 13
2018/10/29, 107, 75, 12
2018/10/30, 128, 83, 16
2018/10/31, 137, 136, 23
2018/11/1, 162, 142, 21
2018/11/2, 122, 62, 11
2018/11/3, 61, 47, 8
2018/11/4, 75, 94, 16
2018/11/5, 129, 96, 11
2018/11/6, 122, 168, 18
2018/11/7, 152, 170, 21
2018/11/8, 152, 115, 17
2018/11/9, 143, 171, 18
2018/11/10, 174, 133, 18
2018/11/11, 141, 241, 26
2018/11/12, 191, 287, 25
2018/11/13, 238, 222, 12
2018/11/14, 92, 69, 9
2018/11/15, 97, 124, 12
2018/11/16, 148, 206, 18
2018/11/17, 185, 154, 19
2018/11/18, 167, 91, 14
2018/11/19, 154, 243, 21
2018/11/20, 255, 172, 19
2018/11/21, 199, 220, 19
2018/11/22, 209, 315, 37
2018/11/23, 253, 211, 19
2018/11/24, 195, 218, 22
2018/11/25, 247, 430, 28
2018/11/26, 249, 112, 6
2018/11/27, 111, 95, 13
2018/11/28, 196, 190, 22
2018/11/29, 279, 343, 38
2018/11/30, 435, 260, 39
2018/12/1, 353, 198, 44
2018/12/2, 271, 209, 5
2018/12/3, 82, 98, 9
2018/12/4, 182, 99, 16
2018/12/5, 236, 147, 27
2018/12/6, 232, 75, 7
2018/12/7, 115, 135, 22
2018/12/8, 239, 174, 30
2018/12/9, 248, 144, 36
2018/12/10, 269, 178, 32
2018/12/11, 291, 186, 38
2018/12/12, 273, 353, 15
2018/12/13, 329, 222, 12
2018/12/14, 270, 209, 14
2018/12/15, 266, 214, 13
2018/12/16, 263, 177, 13
2018/12/17, 247, 261, 13
2018/12/18, 289, 377, 10
2018/12/19, 364, 310, 11
2018/12/20, 327, 233, 12
2018/12/21, 352, 261, 7
2018/12/22, 310, 71, 3
2018/12/23, 140, 195, 7
2018/12/24, 303, 377, 12
2018/12/25, 437, 58, 2
2018/12/26, 145, 157, 6
2018/12/27, 260, 119, 5
2018/12/28, 213, 298, 10
2018/12/29, 250, 429, 13
2018/12/31, 432, , 
2018/7/2, 51, 27, 2
2018/7/3, 22, 48, 1
2018/7/4, 46, 80, 2
2018/7/5, 61, 93, 2
2018/7/6, 203, 28, 2
2018/7/7, 56, 48, 1
2018/7/8, 57, 33, 2
2018/7/9, 78, 67, 16
2018/7/10, 70, 39, 2
2018/7/11, 80, 11, 1
2018/7/12, 32, 15, 1
2018/7/13, 25, 35, 2
2018/7/14, 40, 56, 2
2018/7/15, 51, 43, 2
2018/7/16, 52, 36, 4
2018/7/17, 47, 26, 2
2018/7/18, 84, 44, 1
2018/7/19, 49, 64, 5
2018/7/20, 60, 44, 3
2018/7/21, 51, 13, 2
2018/7/22, 34, 37, 
2018/7/23, 68, 63, 2
2018/7/24, 53, 70, 8
2018/7/25, 49, 165, 4
2018/7/26, 73, 53, 2
2018/7/27, 43, 14, 
2018/7/28, 29, 14, 
2018/7/29, 29, 20, 1
2018/7/30, 22, 44, 1
2018/7/31, 51, 106, 3
2018/8/1, 105, 76, 1
2018/8/2, 54, 35, 1
2018/8/3, 33, , 
2018/8/4, 8, , 1
2018/8/8, 57, 16, 
2018/8/9, 20, , 11
2018/8/10, 80, , 
2018/8/11, 33, , 
2018/8/12, 38, , 9
2018/8/13, 42, , 8
2018/8/14, 44, , 1
2018/8/15, 60, , 2
2018/8/16, 48, , 
2018/8/17, 36, , 2
2018/8/18, 36, , 10
2018/8/19, 72, , 1
2018/8/20, 36, 77, 1
2018/8/21, 100, 113, 5
2018/8/22, 109, 147, 12
2018/8/23, 101, 146, 4
2018/8/24, 92, 102, 3
2018/8/25, 73, 9, 1
2018/8/26, 22, 26, 1
2018/8/27, 34, 53, 1
2018/8/28, 45, 64, 10
2018/8/29, 51, 72, 3
2018/8/30, 57, 50, 8
2018/8/31, 47, 48, 3
2018/9/1, 68, 42, 6
2018/9/2, 61, 28, 2
2018/9/3, 42, 30, 1
2018/9/4, 48, 46, 3
2018/9/5, 53, 10, 1
2018/9/6, 23, 33, 2
2018/9/7, 45, 47, 2
2018/9/8, 61, 52, 6
2018/9/9, 54, 86, 3
2018/9/10, 64, 79, 6
2018/9/11, 59, 20, 1
2018/9/12, 28, 36, 2
2018/9/13, 47, 65, 3
2018/9/14, 54, 37, 2
2018/9/15, 39, 44, 2
2018/9/16, 61, 72, 3
2018/9/17, 62, 137, 7
2018/9/18, 76, 140, 4
2018/9/19, 85, 166, 5
2018/9/20, 70, 96, 3
2018/9/21, 20, 62, 7
2018/9/22, 55, 44, 6
2018/9/23, 78, 55, 12
2018/9/24, 91, 103, 13
2018/9/25, 141, 114, 8
2018/9/26, 90, 151, 7
2018/9/27, 97, 25, 2
2018/9/28, 40, 19, 2
2018/9/29, 33, 17, 2
2018/9/30, 24, 68, 6
2018/10/1, 97, 68, 6
2018/4/2, 111, 51, 2
2018/4/3, 61, 91, 6
2018/4/4, 97, 243, 3
2018/4/5, 86, 533, 
2018/4/6, 69, , 
2018/4/9, 118, 65, 6
2018/4/10, 108, 87, 3
2018/4/11, 82, 90, 5
2018/4/12, 118, 231, 3
2018/4/13, 83, 41, 2
2018/4/14, 54, 43, 4
2018/4/15, 85, 64, 5
2018/4/16, 94, 84, 3
2018/4/17, 92, 77, 3
2018/4/18, 88, 62, 2
2018/4/19, 70, 180, 5
2018/4/20, 81, 48, 8
2018/4/21, 58, 69, 6
2018/4/22, 82, 86, 4
2018/4/23, 74, 80, 6
2018/4/24, 73, 97, 9
2018/4/25, 77, 165, 7
2018/4/26, 93, 111, 7
2018/4/27, 96, 130, 6
2018/4/28, 90, 27, 6
2018/4/29, 47, 32, 14
2018/4/30, 62, 48, 5
2018/5/1, 68, 53, 6
2018/5/2, 72, 109, 12
2018/5/3, 87, 226, 18
2018/5/4, 108, 188, 2
2018/5/5, 71, 60, 3
2018/5/6, 65, 94, 2
2018/5/7, 63, 175, 4
2018/5/8, 90, 182, 5
2018/5/9, 113, 47, 1
2018/5/10, 71, 149, 2
2018/5/11, 104, 113, 2
2018/5/12, 101, 203, 5
2018/5/13, 118, 130, 3
2018/5/14, 84, 228, 3
2018/5/15, 130, 141, 2
2018/5/16, 88, 129, 11
2018/5/17, 97, 103, 4
2018/5/18, 66, 481, 6
2018/5/19, 156, 146, 7
2018/5/20, 90, 247, 3
2018/5/21, 115, 147, 2
2018/5/22, 138, 42, 2
2018/5/23, 83, 55, 1
2018/5/24, 94, 86, 3
2018/5/25, 111, 129, 2
2018/5/26, 131, 75, 2
2018/5/27, 127, 148, 1
2018/5/29, 203, 106, 3
2018/5/30, 94, 133, 5
2018/5/31, 82, 178, 17
2018/6/1, 102, 349, 5
2018/6/2, 122, 91, 
2018/6/3, 87, 41, 
2018/6/4, 72, 68, 
2018/6/5, 195, 70, 1
2018/6/6, 97, 57, 2
2018/6/7, 69, 76, 1
2018/6/8, 81, 116, 6
2018/6/9, 100, 123, 2
2018/6/10, 141, 85, 1
2018/6/11, 120, 78, 1
2018/6/12, 68, 67, 1
2018/6/13, 57, 90, 2
2018/6/14, 59, 153, 4
2018/6/15, 138, 94, 2
2018/6/16, 62, 88, 3
2018/6/17, 114, 30, 2
2018/6/18, 70, 37, 2
2018/6/19, 52, 87, 2
2018/6/20, 79, 129, 4
2018/6/21, 81, 126, 3
2018/6/22, 88, 83, 2
2018/6/23, 59, 52, 2
2018/6/24, 56, 36, 2
2018/6/25, 45, 57, 2
2018/6/26, 52, 67, 2
2018/6/27, 45, 85, 1
2018/6/28, 57, 103, 2
2018/6/29, 70, 111, 2
2018/6/30, 83, 176, 3
2018/7/1, 115, 49, 2
2018/1/2, 558, 142, 25
2018/1/3, 237, 257, 30
2018/1/4, 347, 497, 49
2018/1/5, 584, 709, 57
2018/1/6, 712, 631, 57
2018/1/7, 627, 239, 40
2018/1/8, 308, 162, 24
2018/1/9, 246, 69, 19
2018/1/10, 154, 363, 42
2018/1/11, 452, 495, 47
2018/1/12, 579, 592, 63
2018/1/13, 593, 410, 60
2018/1/14, 458, 260, 51
2018/1/15, 372, 218, 46
2018/1/16, 311, 327, 47
2018/1/17, 373, 322, 32
2018/1/18, 414, 217, 34
2018/1/19, 336, 146, 25
2018/1/20, 239, 268, 33
2018/1/21, 353, 64, 12
2018/1/22, 152, , 
2018/1/25, 175, 447, 55
2018/1/26, 536, 378, 41
2018/1/27, 461, 323, 20
2018/1/28, 408, 429, 33
2018/1/29, 474, 241, 36
2018/1/30, 348, 280, 33
2018/1/31, 405, 290, 37
2018/2/1, 388, 168, 19
2018/2/2, 260, , 
2018/2/4, 530, 485, 45
2018/2/5, 561, 527, 56
2018/2/6, 577, 283, 39
2018/2/7, 372, 210, 35
2018/2/8, 316, 106, 18
2018/2/9, 164, 75, 5
2018/2/10, 96, 81, 5
2018/2/11, 99, 100, 14
2018/2/12, 207, 314, 31
2018/2/13, 369, 109, 17
2018/2/14, 185, 199, 25
2018/2/15, 326, 262, 25
2018/2/16, 353, 256, 34
2018/2/17, 373, 281, 33
2018/2/18, 377, 125, 18
2018/2/19, 219, 165, 21
2018/2/20, 266, 185, 22
2018/2/21, 293, 140, 18
2018/2/22, 239, 195, 24
2018/2/23, 308, 120, 19
2018/2/24, 219, 155, 28
2018/2/25, 268, 101, 26
2018/2/26, 211, 94, 17
2018/2/27, 167, 135, 25
2018/2/28, 226, 57, 10
2018/3/1, 114, 127, 24
2018/3/2, 222, 170, 28
2018/3/3, 243, 87, 6
2018/3/4, 102, 73, 9
2018/3/5, 144, 87, 13
2018/3/6, 171, 127, 9
2018/3/7, 118, 88, 10
2018/3/8, 173, 130, 29
2018/3/9, 225, 63, 16
2018/3/10, 147, 80, 20
2018/3/11, 156, 89, 24
2018/3/12, 171, 88, 20
2018/3/13, 175, 57, 12
2018/3/14, 121, 60, 3
2018/3/15, 79, 74, 13
2018/3/16, 145, 80, 12
2018/3/17, 156, 70, 13
2018/3/18, 140, 66, 13
2018/3/19, 132, 62, 13
2018/3/20, 125, 96, 15
2018/3/21, 168, 73, 11
2018/3/22, 127, 71, 7
2018/3/23, 125, 88, 7
2018/3/24, 125, 78, 7
2018/3/25, 130, 131, 6
2018/3/26, 130, 133, 6
2018/3/27, 119, 145, 5
2018/3/28, 110, 75, 4
2018/3/29, 105, 124, 10
2018/3/30, 121, 86, 8
2018/3/31, 110, 269, 4
2018/4/1, 131, 264, 4
2017/10/3, 82, 125, 9
2017/10/4, 146, 118, 11
2017/10/5, 119, 119, 9
2017/10/6, 97, 65, 7
2017/10/7, 76, 105, 7
2017/10/8, 87, 46, 3
2017/10/9, 32, 18, 2
2017/10/10, 43, 46, 4
2017/10/11, 85, 63, 7
2017/10/12, 105, 62, 6
2017/10/13, 101, 57, 7
2017/10/14, 100, 48, 4
2017/10/15, 90, 72, 9
2017/10/16, 110, 113, 12
2017/10/17, 128, 139, 15
2017/10/18, 162, 129, 12
2017/10/19, 137, 139, 12
2017/10/20, 135, 91, 8
2017/10/21, 106, , 
2017/10/24, 106, 96, 12
2017/10/25, 141, 125, 14
2017/10/26, 167, 149, 16
2017/10/27, 166, 117, 7
2017/10/28, 64, 62, 13
2017/10/29, 109, 199, 27
2017/10/30, 199, 182, 25
2017/10/31, 166, 151, 24
2017/11/1, 147, 101, 20
2017/11/2, 142, 108, 19
2017/11/3, 121, 119, 30
2017/11/4, 144, 151, 28
2017/11/5, 175, 171, 18
2017/11/6, 182, 65, 9
2017/11/7, 62, 87, 14
2017/11/8, 178, 243, 34
2017/11/9, 346, 194, 19
2017/11/10, 196, 89, 20
2017/11/11, 181, 185, 31
2017/11/12, 348, 72, 14
2017/11/13, 94, , 10
2017/11/14, 69, 120, 15
2017/11/15, 212, 128, 31
2017/11/16, 232, 138, 23
2017/11/17, 197, 152, 20
2017/11/18, 250, 253, 30
2017/11/19, 365, 278, 39
2017/11/20, 373, 231, 39
2017/11/21, 331, 68, 9
2017/11/22, 118, 102, 18
2017/11/23, 209, 76, 12
2017/11/24, 178, 273, 26
2017/11/25, 359, 110, 19
2017/11/26, 195, 282, 37
2017/11/27, 378, 151, 18
2017/11/28, 185, 96, 12
2017/11/29, 184, 137, 17
2017/11/30, 291, 374, 48
2017/12/1, 494, 426, 38
2017/12/2, 510, 111, 18
2017/12/3, 196, 208, 28
2017/12/4, 324, 188, 25
2017/12/5, 299, 151, 33
2017/12/6, 272, 335, 33
2017/12/7, 404, 206, 31
2017/12/8, 320, 144, 27
2017/12/9, 265, 198, 30
2017/12/10, 275, 150, 19
2017/12/11, 218, 189, 31
2017/12/12, 298, 153, 36
2017/12/13, 272, 187, 32
2017/12/14, 312, 386, 34
2017/12/15, 477, 240, 28
2017/12/16, 318, 143, 27
2017/12/17, 276, 142, 27
2017/12/18, 241, 89, 22
2017/12/19, 199, 266, 37
2017/12/20, 379, 258, 38
2017/12/21, 362, 453, 48
2017/12/22, 550, 528, 48
2017/12/23, 592, , 
2017/12/26, 544, 265, 49
2017/12/27, 368, 522, 58
2017/12/28, 585, 314, 51
2017/12/29, 398, 84, 22
2017/12/30, 131, 127, 24
2017/12/31, 243, , 
2017/7/4, 154, 51, 1
2017/7/5, 74, 107, 2
2017/7/6, 75, , 
2017/7/9, 143, 138, 1
2017/7/10, 115, 147, 1
2017/7/11, 132, 129, 1
2017/7/12, 122, 86, 1
2017/7/13, 137, 95, 
2017/7/14, 144, 138, 1
2017/7/15, 143, 230, 2
2017/7/16, 208, 210, 
2017/7/17, 169, 38, 1
2017/7/18, 77, 58, 
2017/7/19, 95, 99, 1
2017/7/20, 120, , 
2017/7/22, 80, , 
2017/9/12, 91, , 
2017/9/14, 54, 59, 
2017/9/15, 64, 74, 1
2017/9/16, 59, 22, 1
2017/9/17, 42, , 
2017/9/19, 66, 160, 5
2017/9/20, 101, 167, 6
2017/9/21, 89, 83, 2
2017/9/22, 43, 33, 3
2017/9/23, 63, 33, 2
2017/9/24, 63, 60, 3
2017/9/25, 76, 63, 5
2017/9/26, 99, 65, 6
2017/9/27, 125, 87, 5
2017/9/28, 104, 66, 6
2017/9/29, 94, 125, 10
2017/9/30, 126, 95, 13
2017/10/1, 121, , 
2017/4/2, 106, 288, 14
2017/4/3, 132, 139, 12
2017/4/4, 106, 226, 12
2017/4/5, 110, 76, 8
2017/4/6, 65, 266, 12
2017/4/7, 104, 197, 6
2017/4/8, 84, 104, 9
2017/4/9, 95, 121, 10
2017/4/10, 94, 130, 7
2017/4/11, 62, 102, 8
2017/4/12, 94, 142, 11
2017/4/13, 107, 117, 7
2017/4/14, 95, 117, 9
2017/4/15, 96, 121, 9
2017/4/16, 113, 50, 9
2017/4/17, 72, 62, 7
2017/4/18, 74, 255, 12
2017/4/19, 97, 65, 6
2017/4/20, 85, 100, 10
2017/4/21, 102, 167, 9
2017/4/22, 103, 66, 6
2017/4/23, 81, 84, 7
2017/4/24, 82, 109, 11
2017/4/25, 105, 91, 8
2017/4/26, 85, 132, 8
2017/4/27, 97, 113, 7
2017/4/28, 89, 125, 7
2017/4/29, 105, 131, 6
2017/4/30, 123, 114, 8
2017/5/1, 132, 308, 9
2017/5/2, 158, 120, 8
2017/5/3, 130, 32, 4
2017/5/4, 83, , 1
2017/5/5, 135, 67, 1
2017/5/6, 116, 79, 2
2017/5/7, 90, , 4
2017/5/8, 81, 480, 5
2017/5/9, 117, 45, 1
2017/5/10, 99, 124, 2
2017/5/11, 74, 44, 
2017/5/12, 43, 58, 1
2017/5/13, 51, 73, 3
2017/5/14, 65, 91, 2
2017/5/15, 74, 99, 3
2017/5/16, 79, 118, 1
2017/5/17, 81, 166, 2
2017/5/18, 114, 96, 1
2017/5/19, 89, 154, 2
2017/5/20, 77, 24, 1
2017/5/21, 56, 33, 4
2017/5/22, 72, 58, 3
2017/5/23, 97, 69, 3
2017/5/24, 69, 71, 6
2017/5/25, 109, 84, 10
2017/5/26, 107, 110, 2
2017/5/27, 134, 86, 
2017/5/28, 116, 53, 
2017/5/29, 91, 83, 1
2017/5/30, 120, 92, 4
2017/5/31, 146, 78, 
2017/6/1, 118, 99, 1
2017/6/2, 89, 72, 
2017/6/3, 113, 91, 5
2017/6/4, 131, 66, 4
2017/6/5, 128, 135, 1
2017/6/6, 83, , 
2017/6/22, 77, 97, 1
2017/6/23, 161, 251, 4
2017/6/24, 175, 126, 2
2017/6/25, 141, 177, 3
2017/6/26, 169, 351, 4
2017/6/27, 168, 235, 1
2017/6/28, 169, 171, 3
2017/6/29, 182, 140, 3
2017/6/30, 129, , 
2017/1/3, 584, 638, 68
2017/1/4, 651, 618, 69
2017/1/5, 659, 587, 67
2017/1/6, 636, 884, 75
2017/1/7, 826, 681, 71
2017/1/8, 698, 125, 35
2017/1/9, 253, 232, 36
2017/1/10, 318, 468, 48
2017/1/11, 517, 530, 56
2017/1/12, 576, 587, 61
2017/1/13, 640, 619, 67
2017/1/14, 630, 212, 42
2017/1/15, 280, 309, 42
2017/1/16, 387, 447, 56
2017/1/17, 528, 433, 53
2017/1/18, 516, 577, 60
2017/1/19, 623, 340, 49
2017/1/20, 438, 427, 50
2017/1/21, 462, 250, 49
2017/1/22, 369, 439, 65
2017/1/23, 543, 638, 74
2017/1/24, 679, 614, 71
2017/1/25, 628, 175, 44
2017/1/26, 260, 101, 25
2017/1/27, 201, 420, 48
2017/1/28, 476, 41, 9
2017/1/29, 77, 216, 49
2017/1/30, 340, 447, 60
2017/1/31, 494, 527, 60
2017/2/1, 574, 523, 64
2017/2/2, 571, 440, 59
2017/2/3, 513, 572, 61
2017/2/4, 615, 380, 51
2017/2/5, 472, 353, 48
2017/2/6, 411, 74, 27
2017/2/7, 163, 65, 18
2017/2/8, 138, 258, 35
2017/2/9, 357, 423, 53
2017/2/10, 503, 397, 56
2017/2/11, 481, 352, 55
2017/2/12, 430, 406, 56
2017/2/13, 473, 347, 59
2017/2/14, 425, 184, 49
2017/2/15, 270, 56, 21
2017/2/16, 105, 82, 18
2017/2/17, 168, 179, 27
2017/2/18, 253, 179, 33
2017/2/19, 228, 48, 15
2017/2/20, 109, 185, 39
2017/2/21, 249, 142, 32
2017/2/22, 209, 118, 20
2017/2/23, 211, 218, 28
2017/2/24, 258, 161, 28
2017/2/25, 231, 136, 29
2017/2/26, 229, 171, 30
2017/2/27, 241, 112, 24
2017/2/28, 194, 70, 16
2017/3/1, 94, 86, 18
2017/3/2, 148, 147, 31
2017/3/3, 215, 87, 26
2017/3/4, 165, 47, 16
2017/3/5, 85, 65, 22
2017/3/6, 143, 31, 19
2017/3/7, 82, 67, 17
2017/3/8, 131, 154, 28
2017/3/9, 246, 101, 33
2017/3/10, 182, 121, 25
2017/3/11, 158, 51, 14
2017/3/12, 86, 100, 23
2017/3/13, 158, 104, 30
2017/3/14, 159, 91, 21
2017/3/15, 122, 109, 25
2017/3/16, 126, 97, 17
2017/3/17, 115, 73, 12
2017/3/18, 64, 58, 18
2017/3/19, 100, 80, 13
2017/3/20, 94, 108, 23
2017/3/21, 120, 104, 14
2017/3/22, 101, 142, 14
2017/3/23, 115, 88, 10
2017/3/24, 86, 95, 7
2017/3/25, 76, 125, 9
2017/3/26, 123, 86, 13
2017/3/27, 107, 125, 12
2017/3/28, 108, 107, 9
2017/3/29, 105, 110, 6
2017/3/30, 58, 96, 12
2017/3/31, 100, 184, 12
2017/4/1, 123, 158, 10
2016/10/2, 49, 87, 6
2016/10/3, 72, 71, 7
2016/10/4, 79, 70, 13
2016/10/5, 79, 37, 5
2016/10/6, 97, 74, 11
2016/10/7, 105, 41, 5
2016/10/8, 68, 84, 8
2016/10/9, 111, 90, 8
2016/10/10, 101, 90, 6
2016/10/11, 72, 102, 17
2016/10/12, 121, 110, 21
2016/10/13, 120, 181, 12
2016/10/14, 121, 316, 26
2016/10/15, 158, 261, 11
2016/10/16, 84, , 
2016/10/18, 83, 52, 11
2016/10/19, 84, 73, 17
2016/10/20, 96, 64, 9
2016/10/21, 73, 104, 17
2016/10/22, 109, 127, 21
2016/10/23, 129, 168, 23
2016/10/24, 134, 76, 7
2016/10/25, 81, 80, 8
2016/10/26, 89, 117, 16
2016/10/27, 115, 113, 10
2016/10/28, 177, , 
2016/11/2, 162, 319, 38
2016/11/3, 204, 363, 44
2016/11/4, 229, 201, 27
2016/11/5, 158, 181, 25
2016/11/6, 98, 415, 22
2016/11/7, 95, 73, 24
2016/11/8, 155, 257, 55
2016/11/9, 402, 165, 40
2016/11/10, 292, 89, 27
2016/11/11, 141, 116, 39
2016/11/12, 208, 106, 37
2016/11/13, 218, 117, 19
2016/11/14, 61, 130, 53
2016/11/15, 234, 124, 53
2016/11/16, 250, 154, 46
2016/11/17, 269, 112, 28
2016/11/18, 180, 26, 8
2016/11/19, 71, 53, 13
2016/11/20, 165, 463, 54
2016/11/23, 392, 311, 49
2016/11/24, 448, 491, 59
2016/11/25, 592, 372, 61
2016/11/26, 472, 107, 32
2016/11/27, 223, 640, 65
2016/11/28, 681, 720, 69
2016/11/29, 723, 300, 52
2016/11/30, 392, 208, 37
2016/12/1, 313, 348, 48
2016/12/2, 435, 522, 60
2016/12/3, 569, 362, 42
2016/12/4, 407, 48, 13
2016/12/5, 111, 314, 41
2016/12/6, 389, 445, 53
2016/12/7, 531, 370, 43
2016/12/8, 428, 177, 34
2016/12/9, 301, 531, 55
2016/12/10, 588, 439, 66
2016/12/11, 495, 270, 55
2016/12/12, 403, 348, 54
2016/12/13, 441, 590, 66
2016/12/14, 647, 578, 58
2016/12/15, 626, 532, 68
2016/12/16, 628, 743, 80
2016/12/17, 751, 813, 71
2016/12/18, 801, 658, 75
2016/12/19, 683, 383, 56
2016/12/20, 449, 401, 49
2016/12/21, 452, 87, 30
2016/12/22, 190, 140, 39
2016/12/23, 254, 407, 56
2016/12/24, 500, 664, 70
2016/12/25, 677, , 
2017/1/2, 333, 513, 62
2016/7/2, 70, 118, 4
2016/7/3, 83, 80, 5
2016/7/4, 102, 227, 4
2016/7/5, 87, 76, 7
2016/7/6, 83, 136, 5
2016/7/7, 121, 74, 5
2016/7/8, 107, 136, 5
2016/7/9, 117, 140, 5
2016/7/10, 96, 23, 4
2016/7/11, 48, 20, 4
2016/7/12, 49, 47, 4
2016/7/13, 79, 114, 6
2016/7/14, 112, 83, 4
2016/7/15, 76, 91, 4
2016/7/16, 51, 71, 6
2016/7/17, 47, 75, 7
2016/7/18, 53, 149, 4
2016/7/19, 60, 96, 4
2016/7/20, 61, , 
2016/7/22, 58, 20, 4
2016/7/23, 27, 59, 4
2016/7/24, 121, 123, 5
2016/7/25, 209, 99, 5
2016/7/26, 144, 115, 5
2016/7/27, 100, 299, 4
2016/7/28, 163, 139, 7
2016/7/29, 151, 57, 5
2016/7/30, 101, 112, 7
2016/7/31, 93, 214, 7
2016/8/1, 102, 309, 7
2016/8/2, 107, 265, 8
2016/8/3, 160, 311, 10
2016/8/4, 95, 178, 6
2016/8/5, 79, 47, 5
2016/8/6, 26, 91, 5
2016/8/7, 42, 105, 6
2016/8/8, 69, 93, 6
2016/8/9, 43, 23, 5
2016/8/10, 29, 19, 6
2016/8/11, 29, 34, 
2016/8/12, 17, 87, 7
2016/8/13, 34, 83, 6
2016/8/14, 40, 51, 6
2016/8/15, 40, 35, 6
2016/8/16, 30, 158, 6
2016/8/17, 87, 83, 6
2016/8/18, 96, 83, 7
2016/8/19, 71, 96, 7
2016/8/23, 70, 69, 7
2016/8/24, 37, 16, 7
2016/8/25, 28, 37, 7
2016/8/26, 42, 72, 7
2016/8/27, 50, 73, 8
2016/8/28, 48, 178, 10
2016/8/29, 77, 57, 8
2016/8/30, 74, 29, 7
2016/8/31, 81, 39, 3
2016/9/1, 55, 69, 3
2016/9/2, 139, 78, 2
2016/9/3, 109, 25, 2
2016/9/4, 15, 64, 2
2016/9/5, 112, 60, 3
2016/9/6, 62, 58, 3
2016/9/7, 33, 85, 3
2016/9/8, 89, 84, 3
2016/9/9, 56, 94, 3
2016/9/10, 121, 102, 3
2016/9/11, 113, 89, 5
2016/9/12, 99, 108, 4
2016/9/13, 112, 75, 3
2016/9/14, 123, 94, 3
2016/9/15, 81, 76, 3
2016/9/16, 87, 81, 4
2016/9/17, 70, 66, 8
2016/9/18, 122, 111, 8
2016/9/19, 111, 82, 7
2016/9/20, 117, , 
2016/9/22, 82, 27, 4
2016/9/23, 45, , 
2016/9/25, 144, 54, 5
2016/9/26, 118, 75, 4
2016/9/27, 152, 88, 11
2016/9/28, 165, 84, 21
2016/9/29, 134, 75, 9
2016/9/30, 123, 64, 12
2016/10/1, 94, 53, 4
2016/4/15, 5, , 
2016/5/19, 72, 185, 7
2016/5/20, 64, 119, 3
2016/5/21, 48, 120, 6
2016/5/22, 69, 221, 11
2016/5/23, 99, 368, 5
2016/5/24, 91, 467, 3
2016/5/25, 108, 341, 3
2016/5/26, 79, , 
2016/5/28, 193, 263, 3
2016/5/29, 84, 176, 4
2016/5/30, 93, 184, 8
2016/5/31, 76, 255, 7
2016/6/1, 87, 342, 4
2016/6/2, 129, 328, 8
2016/6/3, 94, 369, 3
2016/6/4, 108, 192, 2
2016/6/5, 66, 158, 2
2016/6/6, 77, 376, 2
2016/6/7, 91, 400, 3
2016/6/8, 103, 257, 3
2016/6/9, 81, 12, 2
2016/6/10, 42, 37, 2
2016/6/11, 83, , 
2016/6/16, 82, 61, 2
2016/6/17, 65, 195, 3
2016/6/18, 137, 118, 10
2016/6/19, 144, 34, 3
2016/6/20, 35, 77, 3
2016/6/21, 56, 29, 3
2016/6/22, 31, 14, 3
2016/6/23, 19, 52, 4
2016/6/24, 50, 86, 8
2016/6/25, 84, 146, 7
2016/6/26, 76, 107, 6
2016/6/27, 63, 95, 3
2016/6/28, 45, 118, 3
2016/6/29, 83, 77, 3
2016/6/30, 46, 106, 4
2016/7/1, 60, 114, 5
2021/11/2, , 123, 
2021/11/3, , 88, 
2021/11/4, , 173, 
2021/11/5, , 382, 
2021/11/6, , 58, 
2021/11/7, , 144, 
2021/11/8, , 121, 
2021/11/9, , 163, 
2021/11/10, , 172, 
2021/11/11, , 172, 
2021/11/12, , 155, 
2021/11/13, , 155, 
2021/11/14, , 155, 
2021/11/15, , 137, 
2021/11/16, , 157, 
2021/11/17, , 245, 
2021/11/18, , 166, 
2021/11/19, , 211, 
2021/10/2, , 180, 
2021/10/3, , 63, 
2021/10/4, , 31, 
2021/10/5, , 88, 
2021/10/6, , 336, 
2021/10/7, , 210, 
2021/10/8, , 244, 
2021/10/9, , 50, 
2021/10/10, , 43, 
2021/10/11, , 94, 
2021/10/12, , 171, 
2021/10/13, , 205, 
2021/10/14, , 93, 
2021/10/15, , 112, 
2021/10/16, , 62, 
2021/10/17, , 183, 
2021/10/18, , 77, 
2021/10/19, , 85, 
2021/10/20, , 168, 
2021/10/21, , 136, 
2021/10/22, , 133, 
2021/10/23, , 203, 
2021/10/24, , 290, 
2021/10/25, , 306, 
2021/10/26, , 193, 
2021/10/27, , 152, 
2021/10/28, , 174, 
2021/10/29, , 280, 
2021/10/30, , 125, 
2021/10/31, , 160, 
2021/11/1, , 171, 
2021/9/2, , 84, 
2021/9/3, , 45, 
2021/9/4, , 65, 
2021/9/5, , 22, 
2021/9/6, , 37, 
2021/9/7, , 31, 
2021/9/8, , 51, 
2021/9/9, , 49, 
2021/9/10, , 62, 
2021/9/11, , 85, 
2021/9/12, , 64, 
2021/9/13, , 30, 
2021/9/14, , 64, 
2021/9/15, , 73, 
2021/9/16, , 32, 
2021/9/17, , 60, 
2021/9/18, , 87, 
2021/9/19, , 83, 
2021/9/20, , 49, 
2021/9/21, , 40, 
2021/9/22, , 59, 
2021/9/23, , 63, 
2021/9/24, , 64, 
2021/9/25, , 85, 
2021/9/26, , 67, 
2021/9/27, , 23, 
2021/9/28, , 69, 
2021/9/29, , 44, 
2021/9/30, , 53, 
2021/10/1, , 63, 
2021/8/2, , 84, 
2021/8/3, , 51, 
2021/8/4, , 26, 
2021/8/5, , 56, 41
2021/8/6, , 72, 47
2021/8/7, , 88, 49
2021/8/8, , 62, 49
2021/8/9, , 72, 46
2021/8/10, , 99, 43
2021/8/11, , 147, 45
2021/8/12, , 101, 47
2021/8/13, , 201, 46
2021/8/14, , 94, 
2021/8/15, , 89, 
2021/8/16, , 159, 
2021/8/17, , 159, 
2021/8/18, , 155, 
2021/8/19, , 45, 
2021/8/20, , 47, 
2021/8/21, , 72, 
2021/8/22, , 53, 
2021/8/23, , 13, 
2021/8/24, , 33, 
2021/8/25, , 22, 
2021/8/26, , 40, 
2021/8/27, , 44, 
2021/8/28, , 53, 
2021/8/29, , 80, 
2021/8/30, , 71, 
2021/8/31, , 75, 
2021/9/1, , 78, 
2021/7/2, , 10, 
2021/7/3, , 15, 
2021/7/4, , 40, 
2021/7/5, , 51, 
2021/7/6, , 56, 
2021/7/7, , 47, 
2021/7/8, , 79, 
2021/7/9, , 103, 
2021/7/10, , 81, 
2021/7/11, , 82, 
2021/7/12, , 34, 
2021/7/13, , 36, 
2021/7/14, , 29, 
2021/7/15, , 15, 
2021/7/16, , 46, 
2021/7/17, , 59, 
2021/7/18, , 28, 
2021/7/19, , 55, 
2021/7/20, , 65, 
2021/7/21, , 67, 
2021/7/22, , 46, 
2021/7/23, , 31, 
2021/7/24, , 61, 
2021/7/25, , 91, 
2021/7/26, , 70, 
2021/7/27, , 68, 
2021/7/28, , 65, 
2021/7/29, , 65, 
2021/7/30, , 89, 
2021/7/31, , 55, 
2021/8/1, , 141, 
2021/6/2, , 60, 
2021/6/3, , 34, 
2021/6/4, , 57, 
2021/6/5, , 88, 
2021/6/6, , 217, 
2021/6/7, , 105, 
2021/6/8, , 20, 
2021/6/9, , 14, 
2021/6/10, , 28, 
2021/6/11, , 66, 
2021/6/12, , 63, 
2021/6/13, , 79, 
2021/6/14, , 47, 
2021/6/15, , 42, 
2021/6/16, , 14, 
2021/6/17, , 31, 6
2021/6/18, , 28, 
2021/6/19, , 64, 
2021/6/20, , 59, 
2021/6/21, , 68, 
2021/6/22, , 161, 
2021/6/23, , 45, 
2021/6/24, , 34, 
2021/6/25, , 104, 
2021/6/26, , 57, 
2021/6/27, , 61, 
2021/6/28, , 197, 
2021/6/29, , 49, 
2021/6/30, , 7, 
2021/7/1, , 6, 
2021/5/2, , 72, 
2021/5/3, , 289, 
2021/5/4, , 52, 
2021/5/5, , 73, 
2021/5/6, , 66, 
2021/5/7, , 61, 
2021/5/8, , 92, 
2021/5/9, , 49, 
2021/5/10, , 75, 
2021/5/11, , 68, 
2021/5/15, , 39, 
2021/5/16, , 66, 
2021/5/17, , 85, 
2021/5/18, , 89, 
2021/5/19, , 489, 
2021/5/24, , 40, 
2021/5/25, , 56, 
2021/5/26, , 32, 
2021/5/27, , 18, 
2021/5/28, , 31, 
2021/5/29, , 66, 
2021/5/30, , 32, 
2021/5/31, , 29, 
2021/6/1, , 32, 
2021/4/2, , 54, 18
2021/4/3, , 54, 11
2021/4/4, , 52, 9
2021/4/5, , 58, 9
2021/4/6, , 67, 6
2021/4/7, , 65, 11
2021/4/8, , 78, 8
2021/4/9, , 85, 1
2021/4/10, , 163, 
2021/4/11, , 64, 
2021/4/12, , 83, 
2021/4/13, , 38, 
2021/4/14, , 65, 
2021/4/15, , 215, 
2021/4/16, , 57, 
2021/4/17, , 35, 
2021/4/18, , 58, 
2021/4/19, , 76, 
2021/4/20, , 58, 
2021/4/21, , 77, 
2021/4/22, , 203, 
2021/4/23, , 159, 
2021/4/24, , 83, 
2021/4/25, , 188, 
2021/4/26, , 48, 
2021/4/27, , 37, 
2021/4/28, , 28, 
2021/4/29, , 48, 
2021/4/30, , 39, 
2021/5/1, , 46, 
2021/3/2, , 71, 44
2021/3/3, , 96, 33
2021/3/4, , 81, 16
2021/3/5, , 65, 32
2021/3/6, , 63, 30
2021/3/7, , 81, 27
2021/3/8, , 67, 25
2021/3/9, , 69, 22
2021/3/10, , 65, 26
2021/3/11, , 71, 12
2021/3/12, , 55, 25
2021/3/13, , 77, 21
2021/3/14, , 73, 16
2021/3/15, , 302, 7
2021/3/16, , 72, 13
2021/3/17, , 66, 11
2021/3/18, , 51, 4
2021/3/19, , 148, 4
2021/3/20, , 55, 12
2021/3/21, , 64, 13
2021/3/22, , 69, 21
2021/3/23, , 83, 18
2021/3/24, , 78, 18
2021/3/25, , 81, 8
2021/3/26, , 107, 10
2021/3/27, , 69, 10
2021/3/28, , 175, 9
2021/3/29, , 46, 15
2021/3/30, , 76, 5
2021/3/31, , 85, 13
2021/4/1, , 70, 12
2021/2/2, , 57, 62
2021/2/3, , 126, 52
2021/2/4, , 109, 56
2021/2/5, , 99, 32
2021/2/6, , 56, 16
2021/2/7, , 33, 47
2021/2/8, , 78, 61
2021/2/9, , 121, 65
2021/2/10, , 114, 61
2021/2/11, , 103, 12
2021/2/12, , 70, 32
2021/2/13, , 60, 38
2021/2/14, , 65, 29
2021/2/15, , 56, 26
2021/2/16, , 93, 46
2021/2/17, , 94, 53
2021/2/18, , 84, 56
2021/2/19, , 92, 28
2021/2/20, , 50, 34
2021/2/21, , 66, 7
2021/2/23, , 66, 34
2021/2/24, , 85, 27
2021/2/25, , 73, 36
2021/2/26, , 87, 17
2021/2/27, , 91, 
2021/3/1, , 58, 27
2021/1/5, , 91, 23
2021/1/6, , 76, 44
2021/1/7, , 71, 43
2021/1/8, , 120, 21
2021/1/9, , 94, 59
2021/1/10, , 110, 64
2021/1/11, , 130, 69
2021/1/12, , 128, 36
2021/1/13, , 106, 58
2021/1/14, , 90, 36
2021/1/15, , 122, 64
2021/1/16, , 124, 58
2021/1/17, , 91, 61
2021/1/18, , 92, 70
2021/1/19, , 133, 69
2021/1/20, , 170, 62
2021/1/21, , 184, 68
2021/1/22, , 120, 70
2021/1/23, , 117, 71
2021/1/24, , 126, 69
2021/1/25, , 142, 22
2021/1/26, , 48, 53
2021/1/27, , 83, 42
2021/1/28, , 70, 63
2021/1/29, , 117, 36
2021/1/30, , 76, 52
2021/1/31, , 93, 17
2021/2/1, , 78, 27
2020/10/3, , 53, 6
2020/10/10, , 55, 4
2020/10/11, , 47, 9
2020/10/12, , 67, 12
2020/10/13, , 56, 12
2020/10/14, , 63, 16
2020/10/15, , 65, 16
2020/10/16, , 51, 10
2020/10/17, , 65, 16
2020/10/18, , 57, 11
2020/10/19, , 82, 22
2020/10/20, , 188, 8
2020/10/21, , 53, 12
2020/10/22, , 61, 16
2020/10/23, , 73, 23
2020/10/24, , 79, 25
2020/10/25, , 77, 17
2020/10/26, , 60, 7
2020/10/27, , 76, 14
2020/10/28, , 91, 22
2020/10/29, , 100, 22
2020/10/30, , 123, 22
2020/10/31, , 37, 10
2020/11/1, , 65, 13
2020/11/2, , 57, 15
2020/11/3, , 69, 25
2020/11/4, , 90, 31
2020/11/5, , 78, 30
2020/11/6, , 80, 14
2020/11/7, , 72, 10
2020/11/8, , 86, 25
2020/11/9, , 113, 31
2020/11/10, , 91, 24
2020/11/11, , 143, 23
2020/11/12, , 140, 25
2020/11/13, , 144, 30
2020/11/14, , 88, 14
2020/11/15, , 84, 19
2020/11/16, , 93, 8
2020/11/17, , 63, 10
2020/11/18, , 44, 18
2020/11/19, , 71, 16
2020/11/20, , 39, 12
2020/11/21, , 68, 37
2020/11/23, , 87, 50
2020/11/24, , 86, 47
2020/11/25, , 52, 28
2020/11/26, , 34, 10
2020/11/27, , 88, 52
2020/11/28, , 119, 60
2020/11/29, , 115, 49
2020/11/30, , 132, 65
2020/12/1, , 138, 60
2020/12/2, , 119, 62
2020/12/3, , 207, 63
2020/12/4, , 147, 67
2020/12/5, , 131, 57
2020/12/6, , 43, 21
2020/12/7, , 80, 49
2020/12/8, , 119, 64
2020/12/9, , 122, 61
2020/12/10, , 88, 52
2020/12/11, , 69, 58
2020/12/12, , 63, 57
2020/12/13, , 54, 47
2020/12/14, , 106, 63
2020/12/15, , 151, 65
2020/12/16, , 169, 41
2020/12/17, , 38, 17
2020/12/18, , 79, 29
2020/12/19, , 100, 40
2020/12/20, , 73, 45
2020/12/21, , 77, 48
2020/12/22, , 70, 22
2020/12/23, , 59, 11
2020/12/24, , 103, 27
2020/12/25, , 210, 46
2020/12/26, , 210, 40
2020/12/27, , 75, 14
2020/12/28, , 41, 2
2020/12/29, , 75, 29
2020/12/30, , 78, 28
2020/12/31, , 96, 
2021/1/1, , 122, 52
2021/1/2, , 93, 58
2021/1/3, , 135, 46
2020/9/12, , 24, 2
2020/9/21, , 91, 3
2019/7/27, , 47, 1
2019/3/11, , 108, 5
2018/10/15, , 97, 13
2018/10/16, , 112, 14
2018/10/17, , 101, 13
2018/10/18, , 110, 16
2018/10/19, , 139, 14
2018/10/20, , 140, 11
2018/10/21, , 154, 10
2018/10/22, , 43, 7
2018/10/23, , 58, 10
2018/10/24, , 220, 11
2018/12/30, , 380, 13
2018/8/7, , 81, 1
2018/4/8, , 82, 7
2018/5/28, , 82, 2
2018/1/1, , 512, 47
2018/1/24, , 88, 30
2018/2/3, , 449, 47
2017/10/2, , 43, 4
2017/10/23, , 90, 11
2017/12/25, , 472, 46
2017/7/3, , 143, 1
2017/7/8, , 172, 
2017/7/21, , 77, 1
2017/9/11, , 85, 2
2017/9/13, , 51, 2
2017/9/18, , 84, 2
2017/6/21, , 75, 1
2016/10/17, , 102, 13
2016/11/1, , 205, 31
2016/11/22, , 328, 54
2017/1/1, , 162, 52
2016/7/21, , 74, 12
2016/8/22, , 73, 9
2016/9/21, , 79, 4
2016/9/24, , 97, 4
2016/4/14, , 142, 27
2016/5/18, , 134, 12
2016/5/27, , 763, 2
2016/6/15, , 110, 2
2021/2/22, , , 21
2021/2/28, , , 13
2021/1/4, , , 58
2020/11/22, , , 34
2020/7/1, , , 1
2020/7/22, , , 1
2020/7/23, , , 1
2020/7/24, , , 1
2020/7/26, , , 1
2020/7/27, , , 1
2020/7/31, , , 1
2020/8/2, , , 1
2020/8/3, , , 1
2020/8/9, , , 1
2020/8/10, , , 1
2020/8/11, , , 2
2020/8/17, , , 1
2020/8/18, , , 1
2020/8/20, , , 1
2020/8/21, , , 2
2020/8/22, , , 1
2020/8/24, , , 1
2020/8/25, , , 1
2020/8/29, , , 2
2020/8/30, , , 1
2020/8/31, , , 2
2020/9/1, , , 1
2020/9/2, , , 1
2020/9/3, , , 2
2020/9/4, , , 1
2020/9/5, , , 2
2020/9/6, , , 1
2020/9/7, , , 2
2020/9/8, , , 3
2020/9/9, , , 2
2020/9/10, , , 2
2020/9/11, , , 2
2020/5/10, , , 2
2020/5/11, , , 4
2020/5/12, , , 3
2020/5/13, , , 1
2020/5/14, , , 2
2020/5/15, , , 1
2020/6/18, , , 2
2020/6/19, , , 1
2020/6/23, , , 1
2020/6/24, , , 1
2020/6/25, , , 1
2020/6/26, , , 1
2020/6/27, , , 1
2020/6/28, , , 1
2020/6/29, , , 1
2020/6/30, , , 1
2018/8/5, , , 4
2018/8/6, , , 1
2017/8/3, , , 1
2017/8/4, , , 1
2017/8/5, , , 1
2017/8/6, , , 1
2017/8/7, , , 1
2017/8/9, , , 2
2017/8/10, , , 4
2017/8/11, , , 1
2017/8/16, , , 3
2017/8/17, , , 1
2017/8/19, , , 1
2017/8/21, , , 1
2017/8/22, , , 1
2017/8/26, , , 1
2017/8/27, , , 1
2017/8/30, , , 3
2017/8/31, , , 1
2017/9/1, , , 6
2017/9/2, , , 2
2017/9/3, , , 1
2017/9/4, , , 1
2017/9/5, , , 1