date, pm10, o3, no2, so2, co
2021/11/2, 30, , , 1, 
2021/11/3, 26, , , 4, 
2021/11/4, 45, , , 2, 
2021/11/5, 34, , , 1, 
2021/11/6, 25, , , 3, 
2021/11/7, 29, , , 6, 
2021/11/8, 35, , , 7, 
2021/11/9, 47, , , 6, 
2021/11/10, 36, , , 5, 
2021/11/11, 59, , , 5, 
2021/11/12, 59, , , 5, 
2021/11/13, 48, , , 6, 
2021/11/14, 53, , , 5, 
2021/11/15, 45, , , 5, 
2021/11/16, 42, , , 5, 
2021/11/17, 37, , , 3, 
2021/11/18, 20, , , 7, 
2021/11/19, 36, , , , 
2021/10/2, 28, , , 4, 
2021/10/3, 25, , , 1, 
2021/10/4, 13, , , 6, 
2021/10/5, 33, , , 1, 
2021/10/6, 28, , , 3, 
2021/10/7, 24, , , , 
2021/10/8, 26, , , , 
2021/10/9, 22, , , , 
2021/10/11, 18, , , 4, 
2021/10/12, 20, , , 1, 
2021/10/13, 26, , , 3, 
2021/10/14, 40, , , 6, 
2021/10/15, 28, , , 2, 
2021/10/16, 16, , , 2, 
2021/10/17, 35, , , 7, 
2021/10/18, 32, , , 3, 
2021/10/19, 30, , , 2, 
2021/10/20, 34, , , 2, 
2021/10/21, 38, , , 2, 
2021/10/22, 35, , , 1, 
2021/10/23, 38, , , 3, 
2021/10/24, 37, , , 3, 
2021/10/25, 42, , , 4, 
2021/10/26, 45, , , 4, 
2021/10/27, 40, , , 3, 
2021/10/28, 45, , , 4, 
2021/10/29, 40, , , 2, 
2021/10/30, 39, , , 3, 
2021/10/31, 33, , , 1, 
2021/11/1, 33, , , 2, 
2021/9/2, 29, , , 1, 
2021/9/3, 20, , , , 
2021/9/4, 26, , , , 
2021/9/5, 12, , , , 
2021/9/6, 16, , , 1, 
2021/9/7, 17, , , , 
2021/9/8, 22, , , 1, 
2021/9/9, 20, , , 4, 
2021/9/10, 33, , , 2, 
2021/9/11, 29, , , , 
2021/9/12, 26, , , , 
2021/9/13, 18, , , , 
2021/9/14, 20, , , , 
2021/9/15, 24, , , 1, 
2021/9/16, 26, , , 1, 
2021/9/17, 30, , , , 
2021/9/18, 29, , , 3, 
2021/9/19, 34, , , , 
2021/9/20, 22, , , 1, 
2021/9/21, 24, , , , 
2021/9/22, 16, , , , 
2021/9/23, 29, , , 1, 
2021/9/24, 26, , , , 
2021/9/25, 28, , , , 
2021/9/26, 32, , , 4, 
2021/9/27, 29, , , , 
2021/9/28, 20, , , 1, 
2021/9/29, 16, , , 2, 
2021/9/30, 23, , , 4, 
2021/10/1, 28, , , 4, 
2021/8/2, 40, , 6, 2, 
2021/8/3, 26, , 9, 2, 
2021/8/4, 24, , 5, 9, 
2021/8/5, 51, , 8, 6, 
2021/8/6, 67, , 7, 1, 
2021/8/7, 26, , 6, 3, 
2021/8/8, 27, , 4, 3, 
2021/8/9, 35, , 7, 9, 
2021/8/10, 66, , 11, 11, 
2021/8/11, 88, , 9, 6, 
2021/8/12, 66, , 6, 3, 
2021/8/13, 53, , 8, 1, 
2021/8/14, 24, , 6, , 
2021/8/15, 19, , 5, 1, 
2021/8/16, 15, , 5, 1, 
2021/8/17, 22, , 6, , 
2021/8/18, 30, , 5, , 
2021/8/19, 21, , , 1, 
2021/8/20, 15, , , 2, 
2021/8/21, 25, , , , 
2021/8/22, 22, , , 1, 
2021/8/23, 9, , , , 
2021/8/24, 17, , , 1, 
2021/8/25, 14, , , 1, 
2021/8/26, 18, , , 1, 
2021/8/27, 22, , , , 
2021/8/28, 18, , , , 
2021/8/29, 27, , , 1, 
2021/8/30, 23, , , , 
2021/8/31, 32, , , 1, 
2021/9/1, 31, , , 2, 
2021/7/2, 18, , 5, 1, 
2021/7/3, 24, , 7, 2, 
2021/7/4, 45, , 5, 2, 
2021/7/5, 44, , 7, 2, 
2021/7/6, 53, , 7, 2, 
2021/7/7, 55, , 7, 6, 
2021/7/8, 59, , 7, 3, 
2021/7/9, 66, , 5, 2, 
2021/7/10, 60, , 8, 3, 
2021/7/11, 59, , 5, 2, 
2021/7/12, 43, , 3, 1, 
2021/7/13, 61, , 3, 1, 
2021/7/14, 52, , , 2, 
2021/7/15, 20, , , 3, 
2021/7/16, 40, , , , 
2021/7/17, 64, , , 1, 
2021/7/18, 31, , , 2, 
2021/7/19, 66, , 9, 1, 
2021/7/20, 60, , 7, 2, 
2021/7/21, 65, , 7, 1, 
2021/7/22, 67, , 5, 1, 
2021/7/23, 25, , 8, 2, 
2021/7/24, 41, , 6, 6, 
2021/7/25, 34, , 5, 5, 
2021/7/26, 29, , 5, , 
2021/7/27, 28, , 7, 2, 
2021/7/28, 33, , 6, 2, 
2021/7/29, 41, , 6, 1, 
2021/7/30, 32, , 4, 1, 
2021/7/31, 22, , 4, 2, 
2021/8/1, 24, , 5, 4, 
2021/6/2, 5, , 4, 2, 
2021/6/3, 2, , 8, 3, 
2021/6/4, 3, , 10, 12, 
2021/6/5, 14, , 4, 15, 
2021/6/6, 58, , 3, 10, 
2021/6/7, 43, , 4, 7, 
2021/6/8, 23, , 6, 16, 
2021/6/9, 16, , 7, 4, 
2021/6/10, 29, , 8, 2, 
2021/6/11, 49, , 6, 2, 
2021/6/12, 47, , 9, 6, 
2021/6/13, 51, , 6, 2, 
2021/6/14, 44, , 9, 4, 
2021/6/15, 45, , 8, , 
2021/6/16, 23, , 5, 1, 
2021/6/17, 29, , 4, , 
2021/6/18, 36, , 7, 1, 
2021/6/19, 41, , 8, 1, 
2021/6/20, 55, , 7, 3, 
2021/6/21, 60, , 5, , 
2021/6/22, 64, , 7, 1, 
2021/6/23, 52, , 8, 3, 
2021/6/24, 45, , 7, 2, 
2021/6/25, 67, , 6, 2, 
2021/6/26, 69, , 6, 3, 
2021/6/27, 67, , 7, 2, 
2021/6/29, 60, , 3, 1, 
2021/6/30, 14, , 4, 1, 
2021/7/1, 24, , 4, 1, 
2021/5/2, 59, 13, 3, 4, 
2021/5/3, 259, 13, 2, 2, 
2021/5/4, 63, 14, 5, 2, 
2021/5/5, 28, 11, 6, 4, 
2021/5/6, 53, 11, 5, 2, 
2021/5/7, 38, 15, 7, 3, 
2021/5/8, 48, 11, 9, 10, 
2021/5/9, 42, 12, 9, 5, 
2021/5/10, 42, 5, 11, 3, 
2021/5/11, 60, , , , 
2021/5/24, 33, 8, 7, 6, 
2021/5/25, 36, 11, 6, 2, 
2021/5/26, 23, 9, 6, 5, 
2021/5/27, 25, 8, 6, 2, 
2021/5/28, 20, , 9, 3, 
2021/5/29, 43, , 7, 2, 
2021/5/30, 28, , 7, 2, 
2021/5/31, 13, , 5, 2, 
2021/6/1, 2, , 5, 1, 
2021/4/2, 50, 7, 8, 11, 
2021/4/3, 41, 9, 5, 3, 
2021/4/4, 91, 6, 6, 6, 
2021/4/5, 53, 8, 6, 5, 
2021/4/6, 60, 8, 8, 6, 
2021/4/7, 60, 8, 10, 8, 
2021/4/8, 59, 8, 8, 4, 
2021/4/9, 76, 10, 9, 3, 
2021/4/10, 76, 12, 7, 7, 
2021/4/11, 52, 12, 3, 3, 
2021/4/12, 62, 10, 6, 7, 
2021/4/13, 39, 11, 7, 5, 
2021/4/14, 43, 9, 7, 8, 
2021/4/15, 46, 11, 5, 8, 
2021/4/16, 37, 11, 4, 7, 
2021/4/17, 40, 12, 6, 7, 
2021/4/18, 42, 11, 6, 6, 
2021/4/19, 50, 12, 5, 2, 
2021/4/20, 53, 9, 7, 8, 
2021/4/21, 72, 11, 5, 5, 
2021/4/22, 67, 9, 7, 11, 
2021/4/23, 58, 10, 6, 14, 
2021/4/24, 66, 12, 1, 1, 
2021/4/25, 169, 11, 6, 4, 
2021/4/26, 61, 12, 3, 3, 
2021/4/27, 65, 12, 5, 4, 
2021/4/28, 42, 14, 4, 5, 
2021/4/29, 47, 12, 5, 3, 
2021/4/30, 35, 13, 3, 1, 
2021/5/1, 18, 15, 3, 1, 
2021/3/2, 55, 5, 10, 12, 
2021/3/3, 64, 4, 10, 21, 
2021/3/4, 82, 9, 7, 7, 
2021/3/5, 38, 7, 8, 9, 
2021/3/6, 38, 7, 8, 12, 
2021/3/7, 47, 7, 7, 9, 
2021/3/8, 50, 6, 8, 12, 
2021/3/9, 56, 8, 7, 6, 
2021/3/10, 44, 7, 9, 8, 
2021/3/11, 58, 7, 7, 5, 
2021/3/12, 48, 9, 7, 4, 
2021/3/13, 64, 8, 8, 4, 
2021/3/14, 69, 13, 7, 14, 
2021/3/15, 143, 13, 6, 12, 
2021/3/16, 53, 8, 7, 7, 
2021/3/17, 60, 10, 4, 5, 
2021/3/18, 53, 11, 3, 4, 
2021/3/19, 125, 12, 5, 3, 
2021/3/20, 35, 11, 5, 11, 
2021/3/21, 46, 8, 7, 17, 
2021/3/22, 62, 6, 11, 15, 
2021/3/23, 79, 7, 11, 12, 
2021/3/24, 75, 7, 8, 8, 
2021/3/25, 72, 10, 5, 5, 
2021/3/26, 87, 9, 8, 8, 
2021/3/27, 60, 11, 4, 7, 
2021/3/28, 125, 11, 6, 12, 
2021/3/29, 52, 8, 7, 10, 
2021/3/30, 129, 10, 7, 9, 
2021/3/31, 70, 8, 7, 8, 
2021/4/1, 71, 8, 6, 5, 
2021/2/2, 37, 2, , 38, 
2021/2/3, 81, 5, , 20, 
2021/2/4, 60, 2, , 32, 
2021/2/5, 87, 5, , 25, 
2021/2/6, 68, 6, , 8, 
2021/2/7, 31, 4, , 12, 
2021/2/8, 56, 1, , 20, 
2021/2/9, 68, , , 17, 
2021/2/10, 62, 4, 11, 12, 
2021/2/11, 36, 9, , 15, 
2021/2/12, 49, 11, , 10, 
2021/2/13, 41, 9, 6, 10, 
2021/2/14, 30, 10, 5, 14, 
2021/2/15, 40, 10, 6, 17, 
2021/2/16, 63, 9, 6, 14, 
2021/2/17, 51, 5, 11, 30, 
2021/2/18, 57, 5, 12, 26, 
2021/2/19, 64, 8, 7, 16, 
2021/2/20, 48, 4, 11, 23, 
2021/2/21, 67, 11, 4, 7, 
2021/2/22, 36, 8, 6, 16, 
2021/2/23, 41, 6, 7, 12, 
2021/2/24, 46, 6, 8, 11, 
2021/2/25, 54, 6, 9, 11, 
2021/2/26, 59, 11, 6, 7, 
2021/2/27, 110, 9, 6, 9, 
2021/2/28, 46, 8, 6, 13, 
2021/3/1, 44, 8, 6, 6, 
2021/1/5, 31, 9, , 24, 
2021/1/6, 67, 7, , 14, 
2021/1/7, 44, 6, , 30, 
2021/1/8, 59, 7, , 23, 
2021/1/9, 49, 4, , 31, 
2021/1/10, 67, 3, , 32, 
2021/1/11, 70, 1, , 42, 
2021/1/12, 80, 4, , 35, 
2021/1/13, 74, 6, , 10, 
2021/1/14, 37, 6, , 15, 
2021/1/15, 47, 3, , 23, 
2021/1/16, 62, 4, , 43, 
2021/1/17, 81, 5, , 40, 
2021/1/18, 77, 1, , 35, 
2021/1/19, 75, 4, , 16, 
2021/1/20, 54, , , 39, 
2021/1/21, 88, 1, , 37, 
2021/1/22, 89, 5, , 15, 
2021/1/23, 51, 5, , 11, 
2021/1/24, 42, 5, , 14, 
2021/1/25, 45, 6, , 10, 
2021/1/26, 51, 5, , 24, 
2021/1/27, 62, 5, , 32, 
2021/1/28, 65, 2, , 40, 
2021/1/29, 79, 6, , 30, 
2021/1/30, 72, 3, , 34, 
2021/1/31, 73, 7, , 17, 
2021/2/1, 50, 6, , 13, 
2020/10/2, 23, 7, , 2, 
2020/10/3, 44, 9, , 1, 
2020/10/4, 36, 5, , 3, 
2020/10/5, 49, 6, , 4, 
2020/10/6, 56, 7, , 1, 
2020/10/7, 57, 7, , 2, 
2020/10/8, 51, 16, , 2, 
2020/10/9, 99, 9, , 1, 
2020/10/10, 48, 8, , 2, 
2020/10/11, 60, 5, , 8, 
2020/10/12, 62, 7, , 2, 
2020/10/13, 61, 6, , 3, 
2020/10/14, 60, 7, , 4, 
2020/10/15, 64, 7, , 4, 
2020/10/16, 75, 4, , 5, 
2020/10/17, 73, 5, , 7, 
2020/10/18, 71, 6, , 3, 
2020/10/19, 70, 4, , 3, 
2020/10/20, 78, 8, , 1, 
2020/10/21, 81, 7, , 3, 
2020/10/22, 61, 5, , 4, 
2020/10/23, 72, 4, , 3, 
2020/10/24, 71, 4, , 2, 
2020/10/25, 71, 6, , 3, 
2020/10/26, 68, 7, , 5, 
2020/10/27, 59, 5, , 10, 
2020/10/28, 80, 4, , 6, 
2020/10/29, 78, 4, , 8, 
2020/10/30, 80, 5, , 7, 
2020/10/31, 83, 7, , 3, 
2020/11/1, 32, 6, , 4, 
2020/11/2, 46, 4, , 7, 
2020/11/3, 49, 4, , 5, 
2020/11/4, 54, 2, , 7, 
2020/11/5, 74, 8, , 7, 
2020/11/6, 65, 8, , 9, 
2020/11/7, 62, 9, , 3, 
2020/11/8, 43, 4, , 7, 
2020/11/9, 59, 2, , 6, 
2020/11/10, 71, 4, , 3, 
2020/11/11, 64, 6, , 6, 
2020/11/12, 85, 5, , 2, 
2020/11/13, 65, 5, , 5, 
2020/11/14, 62, 4, , 7, 
2020/11/15, 54, 7, , 3, 
2020/11/16, 52, 9, , 4, 
2020/11/17, 45, 5, , 3, 
2020/11/18, 46, 9, , 3, 
2020/11/19, 42, 11, , , 
2020/11/20, 43, 7, , 2, 
2020/11/21, 33, 6, , 8, 
2020/11/22, 53, 4, , 18, 
2020/11/23, 56, 3, , 20, 
2020/11/24, 62, 1, , 16, 
2020/11/25, 67, 3, , 9, 
2020/11/26, 44, 6, , 5, 
2020/11/27, 38, 5, , 2, 
2020/11/28, 27, 5, , 7, 
2020/12/4, 25, 3, , 28, 
2020/12/5, 69, 4, , 20, 
2020/12/6, 65, 4, , 18, 
2020/12/7, 43, 3, , 32, 
2020/12/8, 74, 4, , 23, 
2020/12/9, 59, 1, , 48, 
2020/12/10, 86, 4, , 34, 
2020/12/15, 60, 1, , 23, 
2020/12/16, 68, 1, , 32, 
2020/12/17, 76, 2, , 22, 
2020/12/18, 71, 3, , 20, 
2020/12/19, 59, 2, , 25, 
2020/12/20, 73, 3, , 23, 
2020/12/21, 60, 3, , 29, 
2020/12/22, 65, 4, , 29, 
2020/12/23, 64, 6, , 14, 
2020/12/24, 43, 1, , 24, 
2020/12/25, 65, 2, , 26, 
2020/12/26, 70, 1, , 32, 
2020/12/27, 73, 5, , 17, 
2020/12/28, 52, 7, , 6, 
2020/12/29, 26, 6, , 15, 
2020/12/30, 42, 7, , 17, 
2020/12/31, 45, 4, , 19, 
2021/1/1, 54, 5, , 23, 
2021/1/2, 59, 6, , 16, 
2021/1/3, 38, 5, , 18, 
2021/1/4, 56, 5, , 31, 
2020/7/2, 160, 15, , 1, 
2020/7/3, 81, 11, , 1, 
2020/7/4, 118, 12, , 1, 
2020/7/5, 47, 15, , 1, 
2020/7/6, 48, 12, , 1, 
2020/7/7, 45, 17, , , 
2020/7/8, 52, 12, , , 
2020/7/9, 54, 15, , , 
2020/7/10, 38, 8, , , 
2020/7/11, 13, 8, , , 
2020/7/12, 20, 10, , , 
2020/7/13, 27, 11, , 1, 
2020/7/14, 25, 12, , , 
2020/7/15, 24, 15, , , 
2020/7/16, 24, 9, , , 
2020/7/17, 26, 12, , , 
2020/7/18, 18, 12, , 1, 
2020/7/19, 33, 12, , , 
2020/7/20, 33, 8, , 2, 
2020/7/21, 49, 15, , 1, 
2020/7/22, 37, 24, , , 
2020/7/23, 4, 22, , 1, 
2020/7/24, 3, 11, , 4, 
2020/7/25, 4, 6, , 1, 
2020/7/26, 4, 8, , 1, 
2020/7/27, 2, 11, , 1, 
2020/7/28, 3, 12, , , 
2020/7/29, 4, 14, , 1, 
2020/7/30, 3, 11, , 1, 
2020/7/31, 4, 15, , , 
2020/8/1, 3, 17, , , 
2020/8/2, 3, 6, , , 
2020/8/3, 3, 5, , , 
2020/8/4, 3, 5, , 3, 
2020/8/5, 4, 9, , 1, 
2020/8/6, 5, 15, , 1, 
2020/8/7, 36, 10, , 1, 
2020/8/8, 44, 10, , 1, 
2020/8/9, 47, 9, , , 
2020/8/10, 36, 11, , , 
2020/8/11, 42, 13, , 1, 
2020/8/12, 56, 9, , , 
2020/8/13, 49, 10, , 1, 
2020/8/14, 28, 11, , 1, 
2020/8/15, 43, 9, , 2, 
2020/8/16, 53, 7, , 1, 
2020/8/17, 25, 7, , , 
2020/8/18, 26, 8, , 4, 
2020/8/19, 44, 13, , , 
2020/8/20, 56, 14, , , 
2020/8/21, 33, 12, , 1, 
2020/8/22, 52, 8, , 3, 
2020/8/23, 53, 11, , 3, 
2020/8/24, 54, 10, , 2, 
2020/8/25, 58, 11, , 1, 
2020/8/26, 33, 9, , , 
2020/8/27, 38, 11, , , 
2020/8/28, 25, 7, , , 
2020/8/29, 30, 7, , , 
2020/8/30, 34, 6, , , 
2020/8/31, 25, 5, , 1, 
2020/9/1, 21, 9, , 1, 
2020/9/2, 38, 7, , 3, 
2020/9/3, 47, 6, , 1, 
2020/9/4, 50, 7, , 2, 
2020/9/5, 53, 9, , 1, 
2020/9/6, 48, 11, , , 
2020/9/7, 29, 8, , , 
2020/9/8, 35, 8, , , 
2020/9/9, 43, 11, , , 
2020/9/10, 40, 18, , , 
2020/9/11, 61, 18, , , 
2020/9/12, 168, 19, , , 
2020/9/13, 85, 10, , , 
2020/9/14, 28, 6, , , 
2020/9/15, 22, 6, , , 
2020/9/16, 20, 5, , 1, 
2020/9/17, 46, 7, , 2, 
2020/9/18, 53, 6, , 3, 
2020/9/19, 57, 7, , 1, 
2020/9/20, 61, 11, , 1, 
2020/9/21, 53, 5, , 4, 
2020/9/22, 61, 8, , 1, 
2020/9/23, 67, 6, , 1, 
2020/9/24, 71, 8, , 1, 
2020/9/25, 57, 12, , 1, 
2020/9/26, 81, 6, , 6, 
2020/9/27, 60, 6, , 3, 
2020/9/28, 60, 7, , 2, 
2020/9/29, 54, 7, , 2, 
2020/9/30, 63, 6, , 1, 
2020/10/1, 30, 8, , 1, 
2020/4/2, 56, 6, , 10, 
2020/4/3, 56, 7, , 4, 
2020/4/4, 55, 8, , 6, 
2020/4/5, 56, 9, , 5, 
2020/4/6, 49, 13, , 2, 
2020/4/7, 87, 13, , , 
2020/4/8, 81, 7, , 3, 
2020/4/9, 59, 8, , 4, 
2020/4/10, 52, 8, , 3, 
2020/4/11, 67, 14, , , 
2020/4/12, 57, 12, , , 
2020/4/13, 61, 8, , 5, 
2020/4/14, 71, 10, , 1, 
2020/4/15, 56, 9, , 2, 
2020/4/16, 42, 8, , 4, 
2020/4/17, 56, 11, , 1, 
2020/4/18, 63, 11, , 3, 
2020/4/19, 61, 12, , , 
2020/4/20, 54, 10, , 5, 
2020/4/21, 51, 10, , 8, 
2020/4/22, 48, 10, , 2, 
2020/4/23, 43, 8, , 7, 
2020/4/24, 67, 13, , 12, 
2020/4/25, 101, 13, , 2, 
2020/4/26, 57, 11, , 3, 
2020/4/27, 61, 10, , 4, 
2020/4/28, 73, 11, , 4, 
2020/4/29, 75, 10, , 4, 
2020/4/30, 79, 10, , 2, 
2020/5/1, 74, 10, , 10, 
2020/5/2, 87, 8, , 1, 
2020/5/3, 41, 10, , 4, 
2020/5/4, 57, 10, , 4, 
2020/5/5, 62, 13, , , 
2020/5/6, 71, 10, , 2, 
2020/5/7, 78, 11, , 1, 
2020/5/8, 36, 9, , 3, 
2020/5/9, 69, 10, , 1, 
2020/5/10, 46, 10, , 1, 
2020/5/11, 31, 15, , 2, 
2020/5/12, 90, 9, , 6, 
2020/5/13, 49, 11, , 7, 
2020/5/14, 60, 12, , 3, 
2020/5/15, 67, 9, , , 
2020/5/16, 93, 9, , , 
2020/5/17, 45, 9, , 1, 
2020/5/18, 35, 10, , 2, 
2020/5/19, 55, 11, , 2, 
2020/5/20, 57, 6, , 2, 
2020/5/21, 45, 8, , , 
2020/5/22, 17, 8, , 1, 
2020/5/23, 19, 10, , 2, 
2020/5/24, 32, 12, , 1, 
2020/5/25, 46, 12, , , 
2020/5/26, 33, 11, , 1, 
2020/5/27, 55, 10, , 2, 
2020/5/28, 60, 8, , 1, 
2020/5/29, 73, 4, , 1, 
2020/5/30, 20, 9, , , 
2020/5/31, 18, 8, , 2, 
2020/6/1, 34, 9, , 2, 
2020/6/2, 47, 12, , 1, 
2020/6/3, 49, 9, , 6, 
2020/6/4, 50, 10, , 2, 
2020/6/5, 58, 12, , 1, 
2020/6/6, 56, 11, , 2, 
2020/6/7, 59, 13, , , 
2020/6/8, 43, 8, , 1, 
2020/6/9, 42, 9, , 3, 
2020/6/10, 41, 11, , 2, 
2020/6/11, 53, 10, , 1, 
2020/6/12, 41, 9, , 1, 
2020/6/13, 38, 13, , , 
2020/6/14, 36, 11, , 2, 
2020/6/15, 57, 14, , 1, 
2020/6/16, 82, 16, , 1, 
2020/6/17, 119, 13, , 1, 
2020/6/18, 143, 11, , , 
2020/6/19, 67, 14, , 2, 
2020/6/20, 113, 12, , 4, 
2020/6/21, 137, 6, , 2, 
2020/6/22, 59, 10, , , 
2020/6/23, 87, 16, , , 
2020/6/24, 115, 12, , , 
2020/6/25, 86, 9, , 1, 
2020/6/26, 124, 13, , 1, 
2020/6/27, 116, 15, , 3, 
2020/6/28, 89, 14, , 1, 
2020/6/29, 68, 12, , , 
2020/6/30, 82, 15, , , 
2020/7/1, 113, 11, , 1, 
2020/1/2, 59, , , 12, 
2020/1/3, 62, , , 11, 
2020/1/4, 68, , , 7, 
2020/1/5, 43, , , 8, 
2020/1/6, 43, , , 6, 
2020/1/7, 53, , , 5, 
2020/1/8, 46, , , 3, 
2020/1/9, 34, , , 5, 
2020/1/10, 44, , , 6, 
2020/1/11, 52, , , 5, 
2020/1/12, 52, , , 12, 
2020/1/13, 72, , , 9, 
2020/1/14, 60, 1, , 11, 
2020/1/15, 62, 2, , 11, 
2020/1/16, 59, 4, , 11, 
2020/1/17, 50, 2, , 12, 
2020/1/18, 66, 3, , 13, 
2020/1/19, 78, 4, , 13, 
2020/1/20, 70, 5, , 4, 
2020/1/21, 37, 1, , 10, 
2020/1/22, 72, 4, , 11, 
2020/1/23, 57, 3, , 10, 
2020/1/24, 71, 4, , 8, 
2020/1/25, 54, 6, , 7, 
2020/1/26, 52, 8, , 3, 
2020/1/27, 38, 7, , 4, 
2020/1/28, 48, 9, , 5, 
2020/1/29, 45, 9, , 3, 
2020/1/30, 25, 7, , 7, 
2020/1/31, 43, 5, , 5, 
2020/2/1, 45, 6, , 6, 
2020/2/2, 50, 6, , 9, 
2020/2/3, 56, 5, , 9, 
2020/2/4, 58, 6, , 7, 
2020/2/5, 59, 7, , 5, 
2020/2/6, 41, 2, , 9, 
2020/2/7, 73, 2, , 10, 
2020/2/8, 77, 3, , 10, 
2020/2/9, 69, 4, , 10, 
2020/2/10, 69, 6, , 8, 
2020/2/11, 61, 3, , 8, 
2020/2/12, 65, 9, , 6, 
2020/2/13, 50, 11, , 1, 
2020/2/14, 34, 8, , 3, 
2020/2/15, 31, 5, , 7, 
2020/2/16, 59, 5, , 11, 
2020/2/17, 64, 4, , 11, 
2020/2/18, 65, 4, , 12, 
2020/2/19, 71, 8, , 7, 
2020/2/20, 46, 9, , 6, 
2020/2/21, 31, 7, , 3, 
2020/2/22, 38, 7, , 8, 
2020/2/23, 45, 7, , 15, 
2020/2/24, 64, 9, , 9, 
2020/2/25, 39, 11, , 3, 
2020/2/26, 18, 11, , 3, 
2020/2/27, 24, 9, , 3, 
2020/2/28, 30, 9, , 2, 
2020/2/29, 35, 9, , 6, 
2020/3/1, 41, 7, , 5, 
2020/3/2, 42, 9, , 2, 
2020/3/3, 22, 6, , 4, 
2020/3/4, 27, 9, , 5, 
2020/3/5, 38, 8, , 5, 
2020/3/6, 34, 8, , 6, 
2020/3/7, 48, 8, , 8, 
2020/3/8, 49, 9, , 4, 
2020/3/9, 33, 8, , 4, 
2020/3/10, 45, 9, , 6, 
2020/3/11, 35, 9, , 7, 
2020/3/12, 47, 8, , 3, 
2020/3/13, 37, 8, , 6, 
2020/3/14, 49, 10, , 11, 
2020/3/15, 56, 9, , 7, 
2020/3/16, 43, 9, , 4, 
2020/3/17, 40, 8, , 7, 
2020/3/18, 57, 10, , 4, 
2020/3/19, 41, 8, , 4, 
2020/3/20, 29, 8, , 5, 
2020/3/21, 32, 8, , 6, 
2020/3/22, 37, 9, , 4, 
2020/3/23, 41, 7, , 3, 
2020/3/24, 43, 10, , 5, 
2020/3/25, 69, 10, , 1, 
2020/3/26, 42, , , , 
2019/10/2, 18, 4, , , 
2019/10/3, 33, 6, , , 
2019/10/4, 22, 5, , 4, 
2019/10/5, 50, 8, , 1, 
2019/10/6, 75, 8, , 5, 
2019/10/7, 76, 11, , 2, 
2019/10/8, 57, 8, , 2, 
2019/10/9, 78, 9, , 2, 
2019/10/10, 85, 10, , 3, 
2019/10/11, 48, 7, , 4, 
2019/10/12, 53, 9, , 2, 
2019/10/13, 58, 8, , 2, 
2019/10/14, 59, 7, , 3, 
2019/10/15, 84, 5, , 4, 
2019/10/16, 97, 9, , 2, 
2019/10/17, 90, 8, , 2, 
2019/10/18, 77, 9, , 2, 
2019/10/19, 84, 10, , 2, 
2019/10/20, 68, 8, , 1, 
2019/10/21, 34, 5, , 2, 
2019/10/22, 70, 4, , 4, 
2019/10/23, 66, 8, , 1, 
2019/10/24, 39, 6, , 2, 
2019/10/25, 65, 5, , 3, 
2019/10/26, 85, 7, , 11, 
2019/10/27, 94, 8, , 4, 
2019/10/28, 75, 6, , 3, 
2019/10/29, 62, 6, , 5, 
2019/10/30, 86, 5, , 6, 
2019/10/31, 86, 4, , 4, 
2019/11/1, 79, 5, , 3, 
2019/11/2, 83, 4, , 3, 
2019/11/3, 88, 6, , 1, 
2019/11/4, 68, 9, , 2, 
2019/11/5, 63, 6, , 3, 
2019/11/6, 72, 9, , 3, 
2019/11/7, 61, 4, , 4, 
2019/11/8, 65, 5, , 4, 
2019/11/9, 56, 8, , 2, 
2019/11/10, 50, 8, , 3, 
2019/11/11, 26, 3, , 2, 
2019/11/15, 57, 7, , 5, 
2019/11/16, 32, 9, , 3, 
2019/11/17, 41, 11, , 2, 
2019/11/18, 32, 6, , 7, 
2019/11/19, 56, 6, , 6, 
2019/11/20, 46, 7, , 6, 
2019/11/21, 47, 7, , 4, 
2019/11/22, 42, 6, , 3, 
2019/11/23, 43, 4, , 6, 
2019/11/24, 63, 5, , 10, 
2019/11/25, 64, 5, , 8, 
2019/11/26, 60, 5, , 8, 
2019/11/27, 68, 6, , 5, 
2019/11/28, 54, 6, , 5, 
2019/11/29, 52, 6, , 5, 
2019/11/30, 35, 8, , 6, 
2019/12/1, 43, 7, , 8, 
2019/12/2, 30, 8, , 12, 
2019/12/3, 34, 8, , 7, 
2019/12/4, 50, 2, , 14, 
2019/12/5, 82, 7, , 4, 
2019/12/6, 56, 3, , 6, 
2019/12/7, 65, 6, , 5, 
2019/12/9, 77, 3, , 9, 
2019/12/11, 23, 2, , 6, 
2019/12/12, 45, , , 10, 
2019/12/13, 70, , , 12, 
2019/12/14, 75, , , 6, 
2019/12/15, 45, , , 8, 
2019/12/16, 60, , , 16, 
2019/12/17, 48, , , 5, 
2019/12/18, 55, , , 15, 
2019/12/19, 80, , , 11, 
2019/12/20, 72, , , 12, 
2019/12/21, 76, , , 7, 
2019/12/22, 64, , , 8, 
2019/12/23, 69, , , 6, 
2019/12/24, 58, , , 5, 
2019/12/25, 35, , , 7, 
2019/12/26, 58, , , 10, 
2019/12/27, 66, , , 10, 
2019/12/28, 57, , , 8, 
2019/12/29, 43, , , 5, 
2019/12/30, 29, , , , 
2019/7/2, 32, 17, , 1, 
2019/7/3, 28, 21, , 1, 
2019/7/4, 13, 20, , 1, 
2019/7/5, 16, 13, , 1, 
2019/7/6, 14, 21, , 1, 
2019/7/7, 20, 14, , 2, 
2019/7/8, 18, 17, , 1, 
2019/7/9, 12, 18, , 2, 
2019/7/10, 19, 16, , 1, 
2019/7/11, 22, 19, , 1, 
2019/7/12, 12, 19, , 1, 
2019/7/13, 8, 17, , 1, 
2019/7/14, 14, 20, , 1, 
2019/7/15, 15, 24, , 1, 
2019/7/16, 16, 17, , 1, 
2019/7/17, 14, 20, , 1, 
2019/7/18, 11, 11, , 1, 
2019/7/19, 15, 8, , 1, 
2019/7/20, 12, 17, , 1, 
2019/7/21, 6, 21, , 1, 
2019/7/22, 11, 16, , 1, 
2019/7/23, 7, 5, , 1, 
2019/7/24, 8, 8, , 1, 
2019/7/25, 10, 21, , , 
2019/7/26, 9, 18, , , 
2019/7/27, 9, 22, , , 
2019/7/28, 14, 16, , , 
2019/7/29, 6, 6, , , 
2019/7/30, 9, 5, , , 
2019/7/31, 15, 10, , 2, 
2019/8/1, 64, 14, , 2, 
2019/8/2, 72, 13, , , 
2019/8/3, 74, 15, , , 
2019/8/4, 71, 15, , 2, 
2019/8/5, 71, 10, , 1, 
2019/8/6, 34, 4, , 1, 
2019/8/7, 18, 15, , , 
2019/8/8, 20, 9, , , 
2019/8/9, 52, 7, , 1, 
2019/8/10, 15, 9, , 1, 
2019/8/11, 35, 18, , 1, 
2019/8/12, 55, 13, , , 
2019/8/13, 22, 10, , 1, 
2019/8/14, 36, 11, , 1, 
2019/8/15, 40, 11, , , 
2019/8/16, 24, 8, , 2, 
2019/8/17, 35, 2, , 1, 
2019/8/18, 56, , , , 
2019/8/19, 27, , , , 
2019/8/20, 33, , , , 
2019/8/21, 35, , , 2, 
2019/8/22, 56, , , 1, 
2019/8/23, 59, , , 1, 
2019/8/24, 43, , , , 
2019/8/25, 25, , , 1, 
2019/8/26, 49, , , 1, 
2019/8/27, 46, , , , 
2019/8/28, 46, , , 3, 
2019/8/29, 44, 6, , 4, 
2019/8/30, 71, 9, , 3, 
2019/8/31, 77, 11, , 1, 
2019/9/1, 77, 12, , 1, 
2019/9/2, 79, 7, , 2, 
2019/9/3, 93, 21, , , 
2019/9/4, 77, 23, , 1, 
2019/9/5, 78, 8, , 2, 
2019/9/6, 69, 10, , 1, 
2019/9/7, 52, 9, , 1, 
2019/9/8, 25, 10, , 1, 
2019/9/9, 31, 10, , 1, 
2019/9/10, 37, 12, , 1, 
2019/9/11, 59, 24, , , 
2019/9/12, 72, 22, , , 
2019/9/13, 33, 8, , 2, 
2019/9/14, 43, 8, , 5, 
2019/9/15, 66, 10, , 2, 
2019/9/16, 40, 8, , 4, 
2019/9/17, 81, 11, , 1, 
2019/9/18, 51, 9, , 1, 
2019/9/19, 77, 6, , 2, 
2019/9/20, 83, 6, , 2, 
2019/9/21, 78, , , , 
2019/9/24, 62, 10, , 1, 
2019/9/25, 123, 9, , 1, 
2019/9/26, 100, 12, , 1, 
2019/9/27, 100, 12, , 2, 
2019/9/28, 92, 14, , , 
2019/9/29, 25, 15, , , 
2019/9/30, 6, 13, , , 
2019/10/1, 4, 6, , , 
2019/4/2, 63, 13, , 5, 
2019/4/3, 65, 16, , 8, 
2019/4/4, 115, 18, , 9, 
2019/4/5, 30, 20, , 5, 
2019/4/6, 50, 17, , 4, 
2019/4/7, 21, 15, , 3, 
2019/4/8, 10, 16, , 2, 
2019/4/9, 13, 11, , 3, 
2019/4/10, 11, 16, , 2, 
2019/4/11, 12, 15, , 4, 
2019/4/12, 42, 15, , 5, 
2019/4/13, 50, 14, , 6, 
2019/4/14, 22, 12, , 7, 
2019/4/15, 30, 17, , 5, 
2019/4/16, 27, 18, , 2, 
2019/4/17, 19, 18, , 1, 
2019/4/18, 17, 19, , 1, 
2019/4/19, 16, 20, , 2, 
2019/4/20, 58, 20, , 2, 
2019/4/21, 15, 17, , 2, 
2019/4/22, 24, 18, , 2, 
2019/4/23, 19, 20, , 1, 
2019/4/24, 16, 18, , 1, 
2019/4/25, 23, 16, , 6, 
2019/4/26, 14, 17, , 1, 
2019/4/27, 35, 16, , 5, 
2019/4/28, 24, 17, , 2, 
2019/4/29, 14, 20, , 1, 
2019/4/30, 18, 17, , 2, 
2019/5/1, 17, 15, , 4, 
2019/5/2, 22, 16, , 4, 
2019/5/3, 28, 12, , 2, 
2019/5/4, 36, 21, , 1, 
2019/5/5, 32, 17, , 5, 
2019/5/6, 11, 17, , 3, 
2019/5/7, 14, 19, , 3, 
2019/5/8, 18, 18, , 4, 
2019/5/9, 30, 19, , 5, 
2019/5/10, 34, 17, , 1, 
2019/5/11, 23, 16, , 1, 
2019/5/12, 12, 14, , 5, 
2019/5/13, 12, 18, , 2, 
2019/5/14, 12, 19, , 2, 
2019/5/15, 22, 15, , 2, 
2019/5/16, 14, 21, , 2, 
2019/5/17, 10, 16, , 1, 
2019/5/18, 7, 17, , , 
2019/5/19, 10, 19, , 1, 
2019/5/20, 21, 17, , 2, 
2019/5/21, 13, 15, , 5, 
2019/5/22, 18, 16, , 5, 
2019/5/23, 42, 7, , 15, 
2019/5/24, 47, , , , 
2019/5/30, 11, 16, , 5, 
2019/5/31, 30, 16, , 2, 
2019/6/1, 25, 18, , 1, 
2019/6/2, 36, 17, , 1, 
2019/6/3, 9, 18, , 1, 
2019/6/4, 25, 17, , 1, 
2019/6/5, 9, 14, , 1, 
2019/6/6, 22, 14, , 1, 
2019/6/7, 29, 16, , , 
2019/6/8, 15, 16, , 2, 
2019/6/9, 20, 17, , 1, 
2019/6/10, 27, 17, , 1, 
2019/6/11, 31, 22, , 3, 
2019/6/12, 24, 18, , 1, 
2019/6/13, 22, 17, , 2, 
2019/6/14, 24, 20, , 1, 
2019/6/15, 28, 27, , 1, 
2019/6/16, 72, 22, , 1, 
2019/6/17, 12, 12, , 1, 
2019/6/18, 8, 14, , 1, 
2019/6/19, 13, 18, , 1, 
2019/6/20, 16, 22, , 1, 
2019/6/21, 21, 22, , 2, 
2019/6/22, 30, 19, , 1, 
2019/6/23, 33, 22, , 1, 
2019/6/24, 38, 20, , , 
2019/6/25, 30, 12, , 2, 
2019/6/26, 30, 16, , 1, 
2019/6/27, 36, 13, , 1, 
2019/6/28, 31, 17, , 1, 
2019/6/29, 16, 13, , 1, 
2019/6/30, 25, 15, , 1, 
2019/7/1, 33, 10, , 3, 
2019/1/3, 77, , , , 
2019/1/4, 119, , , , 
2019/1/5, 72, , , , 
2019/1/6, 52, , , , 
2019/1/7, 72, , , , 
2019/1/8, 103, , , , 
2019/1/9, 64, , , , 
2019/1/10, 84, , , , 
2019/1/11, 69, , , , 
2019/1/12, 73, , , , 
2019/1/13, 72, , , , 
2019/1/14, 63, , , , 
2019/1/15, 44, , , , 
2019/1/16, 103, , , , 
2019/1/17, 84, , , , 
2019/1/18, 80, , , , 
2019/1/19, 85, , , , 
2019/1/20, 92, , , , 
2019/1/21, 90, , , , 
2019/1/22, 80, , , , 
2019/1/23, 181, , , , 
2019/1/24, 77, , , , 
2019/1/25, 58, , , , 
2019/1/26, 71, , , , 
2019/1/27, 55, , , , 
2019/1/28, 37, , , , 
2019/1/29, 70, , , , 
2019/1/30, 66, , , , 
2019/1/31, 81, , , , 
2019/2/1, 96, , , , 
2019/2/2, 100, , , , 
2019/2/3, 72, , , , 
2019/2/4, 72, 11, , 6, 
2019/2/5, 93, 14, , 3, 
2019/2/6, 66, 16, , 3, 
2019/2/7, 49, 8, , 9, 
2019/2/8, 80, 14, , 5, 
2019/2/9, 67, 15, , 3, 
2019/2/10, 63, 15, , 3, 
2019/2/11, 65, 11, , 4, 
2019/2/12, 73, 13, , 5, 
2019/2/13, 60, 12, 11, 5, 
2019/2/14, 67, 11, 10, 7, 
2019/2/15, 76, 12, 10, 5, 
2019/2/16, 70, 13, 8, 4, 
2019/2/17, 60, 11, 14, 6, 
2019/2/18, 73, 11, 11, 5, 
2019/2/19, 75, 9, 12, 6, 
2019/2/20, 79, 10, 11, 7, 
2019/2/21, 79, 7, 14, 11, 
2019/2/22, 85, 10, 10, 7, 
2019/2/23, 76, 11, 11, 8, 
2019/2/24, 75, 11, 9, 5, 
2019/2/25, 63, 11, 9, 4, 
2019/2/26, 62, 12, 8, 5, 
2019/2/27, 71, 9, 10, 9, 
2019/2/28, 71, 10, 9, 6, 
2019/3/1, 67, 10, 7, 7, 
2019/3/2, 68, 10, , 7, 
2019/3/3, 79, 9, , 11, 
2019/3/4, 63, 6, 13, 7, 
2019/3/5, 73, 6, 11, 5, 
2019/3/6, 75, , 5, 3, 
2019/3/7, 73, , 8, 6, 
2019/3/8, 68, , 7, , 
2019/3/9, 70, , 6, 3, 
2019/3/10, 50, , 8, 4, 
2019/3/11, 60, 7, 2, 2, 
2019/3/12, 52, 15, , 2, 
2019/3/13, 68, 16, , 2, 
2019/3/14, 62, 14, , 5, 
2019/3/15, 81, 15, , 8, 
2019/3/16, 74, 11, , 8, 
2019/3/17, 74, 10, , 8, 
2019/3/18, 71, 10, 7, 7, 
2019/3/19, 77, 17, 2, , 
2019/3/20, 54, 17, , 1, 
2019/3/21, 44, 14, , 4, 
2019/3/22, 60, 19, , 4, 
2019/3/23, 60, 14, , 7, 
2019/3/24, 70, 18, , 8, 
2019/3/25, 64, 16, , 5, 
2019/3/26, 63, 19, , 7, 
2019/3/27, 67, 18, , 2, 
2019/3/28, 42, 19, , 2, 
2019/3/29, 68, 19, , 2, 
2019/3/30, 61, 18, , 4, 
2019/3/31, 64, 16, , 5, 
2019/4/1, 54, 4, , 14, 
2018/1/2, 84, 9, , 13, 
2018/1/3, 59, 6, , 11, 
2018/1/4, 76, 4, , 28, 
2018/1/5, 111, 2, , 36, 
2018/1/6, 139, 4, , 46, 
2018/1/7, 146, 13, , 31, 
2018/1/8, 100, 18, , 13, 
2018/1/9, 45, 16, , 21, 
2018/1/10, 38, 14, , 13, 
2018/1/11, 85, 7, , 24, 
2018/1/12, 109, 9, , 29, 
2018/1/13, 83, 1, , 32, 
2018/1/14, 203, 7, , 19, 
2018/1/15, 91, 11, , 17, 
2018/1/16, 65, 15, , 23, 
2018/1/17, 72, 6, , 24, 
2018/1/18, 115, 13, , 16, 
2018/1/19, 119, 15, , 15, 
2018/1/20, 53, 11, 28, 19, 
2018/1/21, 71, 10, 14, 10, 
2018/1/22, 71, , , , 
2018/1/25, 75, 8, 22, 22, 
2018/1/26, 117, 12, 15, 16, 
2018/1/27, 82, 17, 11, 12, 
2018/1/28, 49, 18, 15, 11, 
2018/1/29, 56, 12, 27, 18, 
2018/1/30, 239, 9, 29, 17, 
2018/1/31, 206, 13, 22, 16, 
2018/2/1, 95, 15, 17, 8, 
2018/2/2, 68, 7, 24, 22, 
2018/2/3, 163, , , , 
2017/10/2, 39, , , , 
2017/10/3, 43, , , , 
2017/10/5, 79, , , 28, 
2017/10/6, 89, , , 28, 
2017/10/7, 60, , , 17, 
2017/10/8, 78, , , 14, 
2017/10/9, 22, , , 19, 
2017/10/10, 40, , , 22, 
2017/10/11, 55, , , 23, 
2017/10/12, 56, , , 13, 
2017/10/13, 53, , , 10, 
2017/10/14, 63, , , 13, 
2017/10/15, 58, 17, , 11, 
2017/10/16, 68, 15, , 12, 
2017/10/17, 86, 15, , 13, 
2017/10/18, 92, 14, , 13, 
2017/10/19, 84, 15, , 12, 
2017/10/20, 75, 19, , 13, 
2017/10/21, 83, 11, , 6, 
2017/10/22, 40, 8, , 11, 
2017/10/23, 72, 15, , 5, 
2017/10/24, 49, 12, , 8, 
2017/10/25, 67, 10, , 10, 
2017/10/26, 64, 12, , 11, 
2017/10/27, 81, 15, , 5, 
2017/10/28, 30, 18, , 15, 
2017/10/29, 52, 9, , 19, 
2017/10/30, 14, 12, , 12, 
2017/10/31, 12, 12, , 10, 
2017/11/1, 11, 12, , 9, 
2017/11/2, 11, 18, , 9, 
2017/11/3, 11, 14, , 11, 
2017/11/4, 7, 9, , 13, 
2017/11/5, 9, 11, , 14, 
2017/11/6, 13, 6, , 6, 
2017/11/7, 9, , , 3, 
2017/11/8, 17, , , 6, 
2017/11/9, 11, , , 8, 
2017/11/10, 95, , , 6, 
2017/11/11, 18, , , 8, 
2017/11/12, 8, , , 9, 
2017/11/13, 15, , , 5, 
2017/11/14, 8, , , 5, 
2017/11/15, 5, , , 17, 
2017/11/16, 24, 11, , 24, 
2017/11/17, 20, 11, , 16, 
2017/11/18, 26, 9, , 17, 
2017/11/19, 41, 7, , 30, 
2017/11/20, 42, 13, , 34, 
2017/11/21, 29, 15, , 13, 
2017/11/22, 11, 10, , 10, 
2017/11/23, 8, 13, , 16, 
2017/11/24, 27, 7, , 18, 
2017/11/25, 29, 9, , 17, 
2017/11/26, 18, 10, , , 
2017/11/27, 19, 14, , , 
2017/11/28, 27, 16, , , 
2017/11/29, 16, 8, , , 
2017/11/30, 43, 6, , , 
2017/12/1, 60, 3, , , 
2017/12/2, 58, 8, , , 
2017/12/3, 29, 10, , , 
2017/12/4, 37, 5, , , 
2017/12/5, 49, 5, , , 
2017/12/6, 52, 5, , 19, 
2017/12/7, 44, 8, , 12, 
2017/12/8, 59, 4, , 14, 
2017/12/9, 140, 10, , 23, 
2017/12/10, 109, 10, , 25, 
2017/12/11, 60, 13, , 15, 
2017/12/12, 67, 13, , 18, 
2017/12/13, 50, 13, , 11, 
2017/12/14, 50, 6, , 11, 
2017/12/15, 98, 10, , 13, 
2017/12/16, 80, 9, , 15, 
2017/12/17, 105, 9, , 18, 
2017/12/18, 123, 16, , 12, 
2017/12/19, 53, 11, , 13, 
2017/12/20, 98, 3, , 20, 
2017/12/21, 128, 4, , 24, 
2017/12/22, 100, 8, , 22, 
2017/12/23, 79, 3, , 23, 
2017/12/24, 126, 7, , 24, 
2017/12/25, 94, 2, , 29, 
2017/12/26, 196, 9, , 22, 
2017/12/27, 75, 11, , 15, 
2017/12/28, 43, 14, , 17, 
2017/12/29, 41, 13, , 10, 
2017/12/30, 49, 17, , 6, 
2017/12/31, 49, , , , 
2017/7/3, 44, 25, , , 2
2017/7/4, 39, 21, , , 
2017/7/5, 49, , , , 
2017/7/6, 41, , , , 1
2017/7/7, 47, , , , 1
2017/7/8, 50, , , , 
2017/7/9, 32, , , , 
2017/7/10, 52, , , , 1
2017/7/11, 56, , , , 2
2017/7/12, 53, , , , 2
2017/7/13, 40, , , , 1
2017/7/14, 47, , , , 1
2017/7/15, 55, , , , 5
2017/7/16, 90, , , , 16
2017/7/17, 108, , , , 5
2017/7/18, 31, , , , 1
2017/7/19, 35, , , , 7
2017/7/20, 35, , , , 3
2017/7/21, 25, , , , 3
2017/7/22, 38, , , , 
2017/7/24, 38, , , , 5
2017/7/25, 28, , , , 3
2017/7/26, 8, , , , 2
2017/7/27, 6, , , , 2
2017/7/28, 11, , , , 3
2017/7/29, 8, , , , 
2017/7/31, 7, , , , 3
2017/8/1, 14, , , , 1
2017/8/2, 8, , , , 2
2017/8/3, 7, , , , 3
2017/8/4, 5, , , , 3
2017/8/5, 10, , , , 3
2017/8/6, 8, , , , 2
2017/8/7, 6, , , , 
2017/8/8, 5, , , , 1
2017/8/9, 5, , , , 2
2017/8/10, 4, , , , 1
2017/8/11, 44, , , , 3
2017/8/12, 20, , , , 2
2017/8/13, 42, , , , 1
2017/8/14, 33, , , , 1
2017/8/15, 26, , , , 2
2017/8/16, 25, , , , 5
2017/8/17, 19, , , , 4
2017/8/18, 28, , , , 1
2017/8/19, 22, , , , 2
2017/8/20, 29, , , , 1
2017/8/21, 16, , , , 
2017/8/22, 42, , , , 
2017/8/24, 20, , 14, 4, 1
2017/8/25, 36, , 12, 6, 3
2017/8/26, 446, , 12, 6, 9
2017/8/27, 55, , 6, , 
2017/8/28, 21, , 11, 8, 1
2017/8/29, 40, , 11, 16, 4
2017/8/30, 49, , , , 6
2017/8/31, 57, , , , 5
2017/9/1, 54, , , , 2
2017/9/2, 50, , , , 2
2017/9/3, 25, , , , 3
2017/9/4, 42, , , , 2
2017/9/5, 20, , , , 3
2017/9/6, 33, , , , 5
2017/9/7, 41, , , , 
2017/9/12, 41, , , , 
2017/9/13, 45, , , , 
2017/9/14, 59, , , , 
2017/9/15, 65, , , , 
2017/9/16, 53, , , , 
2017/9/17, 47, , , , 
2017/9/18, 59, , , , 
2017/9/19, 53, , , , 
2017/9/20, 56, , , , 
2017/9/21, 61, , , , 
2017/9/22, 72, , , , 
2017/4/2, 70, , , 3, 
2017/4/3, 65, , , 2, 
2017/4/4, 49, , , 29, 
2017/4/5, 73, , , 53, 
2017/4/6, 43, , , 22, 
2017/4/7, 64, , , 24, 
2017/4/8, 64, , , 23, 
2017/4/9, 57, , , 36, 
2017/4/10, 61, , , 39, 
2017/4/11, 56, , , 28, 
2017/4/12, 54, , , 44, 
2017/4/13, 70, , , 39, 
2017/4/14, 74, , , 9, 
2017/4/15, 69, , , , 
2017/4/16, 61, , , , 
2017/4/17, 41, , , 3, 
2017/4/18, 31, , , 22, 
2017/4/19, 149, , , 6, 
2017/4/20, 38, , , 16, 
2017/4/21, 34, , , 22, 
2017/4/22, 55, , , 12, 
2017/4/23, 33, , , , 
2017/4/24, 40, , , 20, 
2017/4/25, 39, , , 22, 
2017/4/26, 44, , , 38, 
2017/4/27, 43, , , 44, 
2017/4/28, 68, , , 57, 
2017/4/29, 67, , , , 
2017/4/30, 71, , , , 
2017/5/1, 72, , , , 
2017/5/2, 109, , , , 
2017/5/3, 106, , , , 
2017/5/4, 77, , , , 
2017/5/5, 39, , , , 
2017/5/6, 41, , , , 
2017/5/7, 62, , , , 
2017/5/8, 68, , , , 
2017/5/9, 104, , , , 
2017/5/10, 44, , , , 
2017/5/14, 58, , , , 
2017/5/15, 36, , , , 
2017/5/16, 61, , , , 
2017/5/17, 72, , , , 
2017/5/18, 107, , , , 
2017/5/24, 64, , , , 
2017/5/25, 67, , , , 
2017/5/26, 58, , , , 
2017/5/30, 61, , , , 
2017/5/31, 47, , , , 
2017/6/5, 55, 16, 13, 31, 6
2017/6/6, 48, , , , 
2017/6/9, 57, 15, 13, 31, 6
2017/6/10, 73, , , , 
2017/6/11, 78, , , , 
2017/6/12, 79, , , , 
2017/6/13, 85, , , , 
2017/6/14, 87, , , , 
2017/6/15, 80, , , , 
2017/6/16, 64, , , , 
2017/6/17, 55, , , , 
2017/6/18, 55, , , , 
2017/6/19, 81, , , , 
2017/6/20, 66, , , , 
2017/6/21, 28, 6, , , 
2017/6/22, 30, 19, , , 7
2017/6/23, 25, 20, , , 4
2017/6/24, 42, 26, , , 1
2017/6/25, 36, 26, , , 1
2017/6/26, 40, 30, , , 1
2017/6/27, 54, 31, , , 2
2017/6/28, 65, 28, , , 6
2017/6/29, 66, 14, , , 4
2017/6/30, 63, , , , 
2017/1/3, 86, , , , 
2017/1/4, 229, , , , 
2017/1/5, 46, , , , 
2017/1/6, 53, , , , 
2017/1/7, 82, , , , 
2017/1/8, 73, , , , 
2017/1/9, 78, , , , 
2017/1/10, 73, , , , 
2017/1/11, 112, , , , 
2017/1/12, 152, , , , 
2017/1/13, 166, , , , 
2017/1/14, 88, , , , 
2017/1/15, 28, , , , 
2017/1/16, 47, , , , 
2017/1/17, 75, , , , 
2017/1/18, 101, , , , 
2017/1/19, 104, , , , 
2017/1/20, 134, , , , 
2017/1/21, 92, , , , 
2017/1/22, 107, , , , 
2017/1/23, 69, , , , 
2017/1/24, 48, , , , 
2017/1/25, 36, , , , 
2017/1/26, 49, , , , 
2017/1/27, 63, , , , 
2017/1/28, 96, , , , 
2017/1/29, 42, , , , 
2017/1/30, 44, , , , 
2017/1/31, 64, , , , 
2017/2/1, 103, , , , 
2017/2/2, 79, , , , 
2017/2/3, 54, , , , 
2017/2/4, 73, , , , 
2017/2/5, 87, , , , 
2017/2/6, 68, , , , 
2017/2/7, 31, , , , 
2017/2/8, 42, , , , 
2017/2/9, 73, , , , 
2017/2/10, 85, , , , 
2017/2/11, 69, , , , 
2017/2/12, 52, , , , 
2017/2/13, 71, , , , 
2017/2/14, 40, , , , 
2017/2/15, 67, , , , 
2017/2/16, 49, , , , 
2017/2/17, 61, , , , 
2017/2/18, 62, , , , 
2017/2/19, 58, , , , 
2017/2/20, 31, , , , 
2017/2/21, 49, , , , 
2017/2/22, 55, , , , 
2017/2/23, 54, , , , 
2017/2/24, 54, , , 55, 
2017/2/25, 80, , , 61, 
2017/2/26, 87, , , , 
2017/2/27, 52, , , , 
2017/2/28, 56, , , , 
2017/3/1, 44, , , , 
2017/3/2, 66, , , , 
2017/3/3, 50, , , , 
2017/3/4, 43, , , , 
2017/3/5, 32, , , , 
2017/3/6, 38, , , , 
2017/3/7, 24, , , , 
2017/3/8, 45, , , , 
2017/3/9, 51, , , , 
2017/3/10, 54, , , 28, 
2017/3/11, 57, , , 17, 
2017/3/12, 39, , , 15, 
2017/3/13, 51, , , 17, 
2017/3/14, 50, , , 14, 
2017/3/15, 54, , , 23, 
2017/3/16, 48, , , 26, 
2017/3/17, 48, , , 10, 
2017/3/18, 63, , , 15, 
2017/3/19, 45, , , 3, 
2017/3/20, 48, , , 19, 
2017/3/21, 46, , , 27, 
2017/3/22, 51, , , 14, 
2017/3/23, 58, , , 2, 
2017/3/24, 44, , , , 
2017/3/25, 47, , , 4, 
2017/3/26, 56, , , 30, 
2017/3/27, 45, , , 52, 
2017/3/28, 54, , , 15, 
2017/3/29, 65, , , 5, 
2017/3/30, 52, , , 13, 
2017/3/31, 51, , , 4, 
2017/4/1, 56, , , 9, 
2016/10/2, 7, , , , 
2016/10/3, 10, , , , 
2016/10/4, 11, , , , 
2016/10/5, 8, , , , 
2016/10/6, 10, , , , 
2016/10/7, 9, , , , 
2016/10/8, 8, , , , 
2016/10/9, 12, , , , 
2016/10/10, 9, , , , 
2016/10/11, 9, , , , 
2016/10/12, 10, , , , 
2016/10/13, 53, , , , 
2016/10/14, 63, , , , 
2016/10/15, 75, , , , 
2016/10/16, 77, , , , 
2016/10/17, 32, , , , 
2016/10/18, 43, , , , 
2016/10/19, 61, , , , 
2016/10/20, 38, , , , 
2016/10/21, 44, , , , 
2016/10/22, 44, , , , 
2016/10/23, 47, , , , 
2016/10/24, 59, , , , 
2016/10/25, 37, , , , 
2016/10/26, 36, , , , 
2016/10/27, 46, , , , 
2016/10/28, 69, , , , 
2016/10/29, 52, , , , 
2016/10/30, 58, , , , 
2016/10/31, 52, , , , 
2016/11/1, 65, , , , 
2016/11/2, 77, , , , 
2016/11/3, 139, , , , 
2016/11/4, 140, , , , 
2016/11/5, 101, , , , 
2016/11/6, 41, , , , 
2016/11/7, 40, , , , 
2016/11/8, 45, , , , 
2016/11/9, 50, , , , 
2016/11/10, 43, , , , 
2016/11/11, 39, , , , 
2016/11/12, 66, , , , 
2016/11/13, 63, , , , 
2016/11/14, 56, , , , 
2016/11/15, 62, , , , 
2016/11/16, 52, , , , 
2016/11/17, 42, , , , 
2016/11/18, 47, , , , 
2016/11/19, 53, , , , 
2016/11/20, 48, , , , 
2016/11/21, 59, , , , 
2016/11/22, 51, , , , 
2016/11/23, 125, , , , 
2016/11/24, 155, , , , 
2016/11/25, 79, , , , 
2016/11/26, 69, , , , 
2016/11/27, 111, , , , 
2016/11/28, 82, , , , 
2016/11/29, 73, , , , 
2016/11/30, 54, , , , 
2016/12/1, 101, , , , 
2016/12/2, 121, , , , 
2016/12/3, 73, , , , 
2016/12/4, 91, , , , 
2016/12/5, 47, , , , 
2016/12/6, 121, , , , 
2016/12/7, 142, , , , 
2016/12/8, 109, , , , 
2016/12/9, 63, , , , 
2016/12/10, 69, , , , 
2016/12/11, 37, , , , 
2016/12/12, 106, , , , 
2016/12/13, 99, , , , 
2016/12/14, 49, , , , 
2016/12/15, 79, , , , 
2016/12/16, 95, , , , 
2016/12/17, 82, , , , 
2016/12/18, 53, , , , 
2016/12/19, 42, , , , 
2016/12/20, 57, , , , 
2016/12/21, 134, , , , 
2016/12/22, 62, , , , 
2016/12/23, 45, , , , 
2016/12/24, 57, , , , 
2016/12/25, 58, , , , 
2016/12/26, 74, , , , 
2016/12/27, 67, , , , 
2016/12/28, 58, , , , 
2016/12/29, 89, , , , 
2016/12/30, 69, , , , 
2016/12/31, 39, , , , 
2017/1/1, 77, , , , 
2017/1/2, 61, , , , 
2016/7/2, 38, 13, , 4, 
2016/7/3, 52, 12, , 5, 
2016/7/4, 44, 10, , 3, 
2016/7/5, 91, 14, , , 
2016/7/6, 44, 10, , 3, 
2016/7/7, 52, 14, , 4, 
2016/7/8, 52, 14, , 5, 
2016/7/9, 57, 15, , 5, 
2016/7/10, 69, 18, , 1, 
2016/7/11, 22, 17, , , 
2016/7/12, 17, 16, , 1, 
2016/7/13, 32, 14, , 1, 
2016/7/14, 44, 15, , , 
2016/7/15, 31, , , 1, 
2016/7/16, 17, , , 2, 
2016/7/17, 21, , , 4, 
2016/7/18, 41, , , , 
2016/7/19, 29, , , 5, 
2016/7/20, 28, , , 3, 
2016/7/21, 43, , , , 
2016/7/22, 32, , , , 
2016/7/23, 10, , , , 
2016/7/24, 42, , , 5, 
2016/7/25, 116, , , 2, 
2016/7/26, 75, , , 3, 
2016/7/27, 58, , , 6, 
2016/7/28, 68, , , , 
2016/8/8, 61, 14, , 6, 
2016/8/9, 55, 18, , , 
2016/8/10, 26, 17, , , 
2016/8/11, 19, 17, , 4, 
2016/8/12, 37, 13, , 4, 
2016/8/13, 40, , , 3, 
2016/8/14, 40, , , 1, 
2016/8/15, 16, , , 1, 
2016/8/16, 36, , , , 
2016/8/17, 55, , , 1, 
2016/8/18, 22, , , 1, 
2016/8/19, 35, , , 3, 
2016/8/20, 40, , , 7, 
2016/8/21, 35, , , , 
2016/8/22, 29, , , 4, 
2016/8/23, 12, , , 6, 
2016/8/24, 33, , , , 
2016/8/25, 23, , , 4, 
2016/8/26, 37, , , 1, 
2016/8/27, 40, , , 4, 
2016/8/28, 46, , , 1, 
2016/8/29, 41, 10, , 1, 
2016/8/30, 21, , , 1, 
2016/8/31, 15, , , 4, 
2016/9/1, 23, , , , 
2016/9/2, 49, , , , 
2016/9/3, 40, , , , 
2016/9/4, 30, , , , 
2016/9/5, 21, , , , 
2016/9/6, 39, , , , 
2016/9/7, 39, , , , 
2016/9/8, 35, , , , 
2016/9/9, 50, , , , 
2016/9/10, 54, , , , 
2016/9/11, 35, , , , 
2016/9/12, 35, , , , 
2016/9/13, 48, , , , 
2016/9/14, 42, , , , 
2016/9/15, 52, , , , 
2016/9/16, 52, , , , 
2016/9/17, 57, , , , 
2016/9/18, 48, , , , 
2016/9/19, 36, , , , 
2016/9/20, 39, , , , 
2016/9/21, 57, , , , 
2016/9/22, 42, , , , 
2016/9/23, 57, , , , 
2016/9/24, 30, , , , 
2016/9/25, 52, , , , 
2016/9/26, 30, , , , 
2016/9/27, 11, , , , 
2016/9/28, 11, , , , 
2016/9/29, 6, , , , 
2016/9/30, 8, , , , 
2016/10/1, 6, , , , 
2016/4/2, 32, 23, , , 
2016/4/3, 47, 21, , , 
2016/4/4, 46, 27, , , 
2016/4/5, 42, 23, , , 
2016/4/6, 47, 28, , , 
2016/4/7, 66, 25, , , 
2016/4/8, 60, 24, , , 
2016/4/9, 57, 21, , , 
2016/4/10, 48, 28, , , 
2016/4/11, 72, 32, , , 
2016/4/12, 49, 34, , , 
2016/4/13, 93, 37, , , 
2016/4/14, 45, 36, , , 
2016/4/15, 61, 37, , , 
2016/4/16, 64, 21, , , 
2016/4/17, 22, 23, , , 
2016/4/18, 33, 18, , , 
2016/4/19, 33, 23, , , 
2016/4/20, 43, 19, , , 
2016/4/21, 130, 40, , , 
2016/4/22, 107, 35, , , 
2016/4/23, 28, 28, , , 
2016/4/24, 70, 27, , , 
2016/4/25, 37, 23, , , 
2016/4/26, 57, 25, , , 
2016/4/27, 50, 29, , , 
2016/4/28, 48, 29, , , 
2016/4/29, 70, 28, , , 
2016/4/30, 58, 24, , , 
2016/5/1, 58, 28, , , 
2016/5/2, 17, 24, , , 
2016/5/3, 32, 25, , , 
2016/5/4, 36, 21, , , 
2016/5/5, 52, 24, 9, 14, 
2016/5/6, 36, 98, 22, 27, 
2016/5/7, 36, 131, 14, 21, 
2016/5/8, 51, 19, , 23, 
2016/5/9, 36, 6, , 16, 
2016/5/10, 50, 8, , 19, 
2016/5/11, 55, 8, , 19, 
2016/5/12, 32, 7, , 23, 
2016/5/13, 31, 7, , 24, 
2016/5/14, 66, 4, , 16, 
2016/5/15, 24, 8, , 23, 
2016/5/16, 53, 6, , 16, 
2016/5/17, 50, 7, , 21, 
2016/5/18, 68, 5, , 20, 
2016/5/19, 94, 7, , 17, 
2016/5/20, 56, 7, , 23, 
2016/5/21, 35, 6, , 15, 
2016/5/22, 47, 6, , 16, 
2016/5/23, 37, 9, , 16, 
2016/5/24, 65, 7, , 19, 
2016/5/25, 74, 4, , 16, 
2016/5/26, 42, 8, , 27, 
2016/5/27, 82, 8, , 27, 
2016/5/28, 109, 4, , 15, 
2016/5/29, 46, 7, , 19, 
2016/5/30, 51, 6, , 16, 
2016/5/31, 64, 6, , 19, 
2016/6/1, 59, 9, , 18, 
2016/6/2, 62, 6, , 16, 
2016/6/3, 52, 6, , 17, 
2016/6/4, 75, 7, , 17, 
2016/6/5, 44, 6, , 19, 
2016/6/6, 37, 4, , 19, 
2016/6/7, 44, 5, , 20, 
2016/6/8, 52, 12, , 16, 
2016/6/9, 57, 54, , , 
2016/6/10, 12, 82, , , 
2016/6/11, 31, 40, , , 
2016/6/12, 50, 9, , , 
2016/6/13, 32, 7, , , 
2016/6/14, 51, , , , 
2016/6/17, 54, 11, , , 
2016/6/18, 57, 13, , , 
2016/6/19, 54, 90, , , 
2016/6/20, 31, , , , 
2016/6/21, 29, 48, , , 
2016/6/22, 39, 17, , , 
2016/6/23, 15, 13, , 5, 
2016/6/24, 23, 13, , 6, 
2016/6/25, 47, 11, , 1, 
2016/6/26, 47, 11, , 1, 
2016/6/27, 43, 10, , 1, 
2016/6/28, 47, 12, , 2, 
2016/6/29, 46, 12, , 1, 
2016/6/30, 23, 11, , 2, 
2016/7/1, 35, 12, , 3, 
2016/1/5, 61, 16, , , 
2016/1/6, 125, 13, , , 
2016/1/7, 40, 13, , , 
2016/1/8, 70, 12, , , 
2016/1/9, 82, 12, , , 
2016/1/10, 85, 12, , , 
2016/1/11, 105, 12, , , 
2016/1/12, 100, 11, , , 
2016/1/13, 174, 11, , , 
2016/1/14, 274, 15, , , 
2016/1/15, 101, 12, , , 
2016/1/16, 197, 15, , , 
2016/1/17, 62, 14, , , 
2016/1/18, 59, 13, , , 
2016/1/19, 111, 10, , , 
2016/1/20, 255, 12, , , 
2016/1/21, 105, 14, , , 
2016/1/22, 65, 15, , , 
2016/1/23, 35, 12, , , 
2016/1/24, 37, 8, , , 
2016/1/25, 235, 9, , , 
2016/1/26, 163, 11, , , 
2016/1/27, 95, 10, , , 
2016/1/28, 120, 9, , , 
2016/1/29, 128, 10, , , 
2016/1/30, 148, 13, , , 
2016/1/31, 86, 13, , , 
2016/2/1, 100, 12, , , 
2016/2/2, 108, 15, , , 
2016/2/3, 87, 16, , , 
2016/2/4, 102, 16, , , 
2016/2/5, 96, 18, , , 
2016/2/6, 105, 17, , , 
2016/2/7, 109, 17, , , 
2016/2/8, 247, 16, , , 
2016/2/9, 307, 20, , , 
2016/2/10, 56, 24, , , 
2016/2/11, 52, 26, , , 
2016/2/12, 45, 24, , , 
2016/2/13, 38, 20, , , 
2016/2/14, 78, 22, , , 
2016/2/15, 55, 22, , , 
2016/2/16, 57, 23, , , 
2016/2/17, 71, 24, , , 
2016/2/18, 89, 24, , , 
2016/2/19, 67, 22, , , 
2016/2/20, 80, 23, , , 
2016/2/21, 88, 27, , , 
2016/2/22, 56, 28, , , 
2016/2/23, 44, 23, , , 
2016/2/24, 78, 21, , , 
2016/2/25, 86, 22, , , 
2016/2/26, 86, 21, , , 
2016/2/27, 65, 23, , , 
2016/2/28, 67, 21, , , 
2016/2/29, 82, 24, , , 
2016/3/1, 49, 25, , , 
2016/3/2, 50, 31, , , 
2016/3/3, 39, 32, , , 
2016/3/4, 44, 30, , , 
2016/3/5, 64, 28, , , 
2016/3/6, 29, 25, , , 
2016/3/7, 50, 24, , , 
2016/3/8, 34, 24, , , 
2016/3/9, 44, 21, , , 
2016/3/10, 43, 19, , , 
2016/3/11, 43, 20, , , 
2016/3/12, 38, 27, , , 
2016/3/13, 43, 24, , , 
2016/3/14, 48, 18, , , 
2016/3/15, 47, 17, , , 
2016/3/16, 55, 23, , , 
2016/3/17, 61, 17, , , 
2016/3/18, 36, 17, , , 
2016/3/19, 38, 14, , , 
2016/3/20, 44, 14, , , 
2016/3/21, 46, 17, , , 
2016/3/22, 50, 14, , , 
2016/3/23, 41, 18, , , 
2016/3/24, 47, 21, , , 
2016/3/25, 37, 24, , , 
2016/3/26, 61, 24, , , 
2016/3/27, 58, 27, , , 
2016/3/28, 60, 25, , , 
2016/3/29, 34, 15, , , 
2016/3/30, 47, 24, , , 
2016/3/31, 48, 24, , , 
2016/4/1, 41, 29, , , 
2015/10/2, 45, 16, , , 
2015/10/3, 49, 12, , , 
2015/10/4, 48, 13, , , 
2015/10/5, 62, 7, , , 
2015/10/6, 85, , , , 
2015/10/7, 78, 17, , , 
2015/10/8, 45, 33, , , 
2015/10/9, 31, 36, , , 
2015/10/10, 43, 33, , , 
2015/10/11, 60, 27, , , 
2015/10/12, 69, 16, , , 
2015/10/13, 91, 5, , , 
2015/10/14, 84, 20, , , 
2015/10/15, 91, 22, , , 
2015/10/16, 104, 29, , , 
2015/10/17, 79, 25, , , 
2015/10/18, 52, 26, , , 
2015/10/19, 70, 25, , , 
2015/10/20, 73, 25, , , 
2015/10/21, 58, 24, , , 
2015/10/22, 45, 24, , , 
2015/10/23, 71, 24, , , 
2015/10/24, 92, 33, , , 
2015/10/25, 107, 30, , , 
2015/10/26, 44, 30, , , 
2015/10/27, 62, 33, , , 
2015/10/28, 25, 29, , , 
2015/10/29, 30, 28, , , 
2015/10/30, 46, 26, , , 
2015/10/31, 85, 30, , , 
2015/11/1, 60, , , , 
2015/11/3, 54, 38, , , 
2015/11/4, 46, 49, , , 
2015/11/5, 36, 46, , , 
2015/11/6, 57, 27, , , 
2015/11/7, 60, 31, , , 
2015/11/8, 50, 24, , , 
2015/11/9, 60, 28, , , 
2015/11/10, 44, 31, , , 
2015/11/11, 33, 36, , , 
2015/11/12, 80, 34, , , 
2015/11/13, 66, 31, , , 
2015/11/14, 70, , , , 
2015/11/15, 53, , , , 
2015/11/16, 117, , , , 
2015/11/17, 60, , , , 
2015/11/18, 62, , , , 
2015/11/19, 85, , , , 
2015/11/20, 99, , , , 
2015/11/23, 101, 38, , , 
2015/11/24, 71, 118, , , 
2015/11/25, 79, 130, , , 
2015/11/26, 95, 75, , , 
2015/11/27, 80, 30, , , 
2015/11/28, 88, 66, , , 
2015/11/29, 91, 78, , , 
2015/11/30, 106, 36, , , 
2015/12/1, 60, 51, , , 
2015/12/2, 45, 44, , , 
2015/12/3, 51, 27, , , 
2015/12/4, 59, 7, , , 
2015/12/5, 147, 11, , , 
2015/12/6, 63, 12, , , 
2015/12/7, 49, 16, , , 
2015/12/8, 80, 26, , , 
2015/12/9, 86, 18, , , 
2015/12/10, 78, 23, , , 
2015/12/11, 45, 30, , , 
2015/12/12, 49, 12, , , 
2015/12/13, 73, 23, , , 
2015/12/14, 82, 27, , , 
2015/12/15, 50, 17, , , 
2015/12/16, 51, 42, , , 
2015/12/17, 102, 68, , , 
2015/12/18, 63, 68, , , 
2015/12/19, 41, 61, , , 
2015/12/20, 49, 48, , , 
2015/12/21, 69, 42, , , 
2015/12/22, 42, 31, , , 
2015/12/23, 54, 26, , , 
2015/12/24, 82, 23, , , 
2015/12/25, 75, 22, , , 
2015/12/26, 162, 22, , , 
2015/12/27, 99, 23, , , 
2015/12/28, 53, 28, , , 
2015/12/29, 63, 29, , , 
2015/12/30, 119, 30, , , 
2015/12/31, 43, , , , 
2016/1/4, 57, 19, , , 
2015/7/2, 66, , , , 
2015/7/6, 26, 34, , , 
2015/7/7, 28, 22, , , 
2015/7/8, 70, 23, , , 
2015/7/9, 24, 40, , , 
2015/7/10, 47, 39, , , 
2015/7/11, 86, 32, , , 
2015/7/12, 51, 66, , , 
2015/7/13, 141, 33, , , 
2015/7/14, 32, 30, , , 
2015/7/15, 39, 32, , , 
2015/7/16, 46, 23, , , 
2015/7/17, 14, 28, , , 
2015/7/18, 23, 12, , , 
2015/7/19, 33, 15, , , 
2015/7/20, 32, 14, , , 
2015/7/21, 31, 21, , , 
2015/7/22, 30, 30, , , 
2015/7/23, 53, 24, , , 
2015/7/24, 64, 9, , , 
2015/7/25, 50, 26, , , 
2015/7/26, 33, 33, , , 
2015/7/27, 28, 31, , , 
2015/7/28, 38, 11, , , 
2015/7/29, 27, 27, , , 
2015/7/30, 26, 29, , , 
2015/7/31, 37, 19, , , 
2015/8/1, 20, 13, , , 
2015/8/4, 54, 12, , , 
2015/8/5, 46, 21, , , 
2015/8/6, 27, 17, , , 
2015/8/7, 41, 16, , , 
2015/8/8, 40, 25, , , 
2015/8/9, 53, 23, , , 
2015/8/10, 52, 22, , , 
2015/8/11, 62, 25, , , 
2015/8/12, 65, 30, , , 
2015/8/13, 56, 18, , , 
2015/8/14, 36, 21, , , 
2015/8/15, 63, 44, , , 
2015/8/16, 49, 40, , , 
2015/8/17, 129, 32, , , 
2015/8/18, 16, , , , 
2015/8/19, 30, , , , 
2015/8/20, 22, , , , 
2015/8/21, 40, , , , 
2015/8/22, 48, , , , 
2015/8/23, 40, , , , 
2015/8/24, 50, , , , 
2015/8/25, 57, , , , 
2015/8/26, 30, , , , 
2015/8/27, 37, , , , 
2015/8/28, 61, , , , 
2015/8/29, 77, , , , 
2015/8/30, 45, , , , 
2015/8/31, 43, , , , 
2015/9/1, 56, 2, , , 
2015/9/2, 51, 7, , , 
2015/9/3, 46, 5, , , 
2015/9/4, 29, 18, , , 
2015/9/5, 35, 27, , , 
2015/9/6, 39, 27, , , 
2015/9/7, 37, 29, , , 
2015/9/8, 37, 32, , , 
2015/9/9, 37, 29, , , 
2015/9/10, 37, 32, , , 
2015/9/11, 57, 36, , , 
2015/9/12, 31, 16, , , 
2015/9/13, 54, 14, , , 
2015/9/14, 51, 17, , , 
2015/9/15, 58, 23, , , 
2015/9/16, 68, 12, , , 
2015/9/17, 48, 10, , , 
2015/9/18, 44, 7, , , 
2015/9/19, 70, 18, , , 
2015/9/20, 69, 15, , , 
2015/9/21, 65, 21, , , 
2015/9/22, 29, 18, , , 
2015/9/23, 27, 20, , , 
2015/9/24, 20, 8, , , 
2015/9/25, 20, 3, , , 
2015/9/26, 35, 24, , , 
2015/9/27, 32, 28, , , 
2015/9/28, 35, 29, , , 
2015/9/29, 37, 20, , , 
2015/9/30, 65, 9, , , 
2015/10/1, 31, 10, , , 
2015/4/2, 51, , , 9, 
2015/4/3, 50, , , 4, 
2015/4/4, 46, , , 7, 
2015/4/5, 61, , , 9, 
2015/4/6, 32, , , 10, 
2015/4/7, 50, , , 6, 
2015/4/8, 42, , , 14, 
2015/4/9, 46, , , 13, 
2015/4/10, 52, , , 12, 
2015/4/11, 40, , , 3, 
2015/4/12, 35, , , 4, 
2015/4/13, 37, , , 12, 
2015/4/14, 66, , , 16, 
2015/4/15, 321, , , 3, 
2015/4/16, 117, , , 10, 
2015/4/17, 46, , , 4, 
2015/4/18, 75, , , 3, 
2015/4/19, 25, , , 9, 
2015/4/20, 46, 32, , 6, 
2015/4/21, 58, 32, , 12, 
2015/4/22, 63, 34, , 6, 
2015/4/23, 72, 31, , 16, 
2015/4/24, 68, 30, , 16, 
2015/4/25, 98, 23, , 6, 
2015/4/26, 242, , , , 
2015/4/28, 79, 32, , 17, 
2015/4/29, 123, 36, , 19, 
2015/4/30, 130, 31, , 4, 
2015/5/1, 49, 33, , 7, 
2015/5/2, 37, 32, , 7, 
2015/5/3, 51, 29, , 13, 
2015/5/4, 41, 33, , 5, 
2015/5/5, 51, 30, , 13, 
2015/5/6, 48, 31, , 5, 
2015/5/7, 43, 29, , 6, 
2015/5/8, 54, 28, , 9, 
2015/5/9, 45, , , , 
2015/5/11, 31, 31, , 18, 
2015/5/12, 64, 31, , 16, 
2015/5/13, 101, 35, , 8, 
2015/5/14, 55, 31, , 18, 
2015/5/15, 29, 28, , 30, 
2015/5/16, 41, 31, , 30, 
2015/5/17, 61, 33, , 9, 
2015/5/18, 69, 29, , 1, 
2015/5/19, 41, 27, , 18, 
2015/5/20, 51, 34, , 19, 
2015/5/21, 61, 31, , 20, 
2015/5/22, 60, 31, , 17, 
2015/5/23, 69, 30, , 15, 
2015/5/24, 63, 30, , 18, 
2015/5/25, 96, 25, , 33, 
2015/5/26, 47, 29, , , 
2015/5/27, 37, 25, , , 
2015/5/28, 35, 27, , , 
2015/5/29, 30, 19, , , 
2015/5/30, 47, 27, , , 
2015/5/31, 64, 18, , , 
2015/6/4, 65, 23, , , 
2015/6/5, 35, 19, , , 
2015/6/6, 22, 22, , , 
2015/6/7, 24, 20, , , 
2015/6/8, 37, 21, , , 
2015/6/9, 32, 15, , , 
2015/6/10, 41, 20, , , 
2015/6/11, 34, 24, , , 
2015/6/12, 54, 22, , , 
2015/6/13, 29, 27, , , 
2015/6/14, 41, 33, , , 
2015/6/15, 49, 33, , , 
2015/6/16, 53, 6, , , 
2015/6/17, 42, , , , 
2015/6/25, 39, 25, , , 
2015/6/26, 63, 28, , , 
2015/6/27, 160, 18, , , 
2015/6/28, 42, 22, , , 
2015/6/29, 55, 22, , , 
2015/6/30, 64, 24, , , 
2015/7/1, 71, 4, , , 
2015/1/12, 52, 2, , 20, 
2015/1/13, 49, , , , 
2015/1/20, 33, 2, , 7, 
2015/1/26, 98, 13, , 46, 
2015/2/3, 60, 15, , 34, 
2015/2/4, 77, 16, , 37, 
2015/2/5, 72, 14, , 48, 
2015/2/6, 92, 17, , 44, 
2015/2/7, 97, , , , 
2015/2/9, 96, 13, , 40, 
2015/2/10, 120, 14, , 42, 
2015/2/11, 98, 16, , 38, 
2015/2/12, 78, 15, , 40, 
2015/2/13, 87, 15, , 40, 
2015/2/14, 95, 15, , 40, 
2015/2/15, 93, 18, , 34, 
2015/2/16, 33, 19, , 34, 
2015/2/17, 64, 13, , 40, 
2015/2/18, 77, 15, , 33, 
2015/2/19, 73, 14, , 36, 
2015/2/20, 60, 14, , 35, 
2015/2/21, 76, 13, , 33, 
2015/2/22, 61, 12, , 38, 
2015/2/23, 52, 12, , 38, 
2015/2/24, 70, 12, , 36, 
2015/2/25, 63, 13, , 35, 
2015/2/26, 53, 13, , 33, 
2015/2/27, 57, 13, , 34, 
2015/2/28, 47, , , , 
2015/3/2, 68, 15, , 27, 
2015/3/3, 60, 13, , 12, 
2015/3/4, 61, 12, , 11, 
2015/3/5, 61, 13, , 16, 
2015/3/6, 76, 12, , 7, 
2015/3/7, 45, , , , 
2015/3/9, 44, 12, , 16, 
2015/3/10, 82, 13, , 10, 
2015/3/11, 58, 12, , 13, 
2015/3/12, 60, 14, , 13, 
2015/3/13, 65, 14, , 11, 
2015/3/14, 47, 15, , 5, 
2015/3/15, 48, 14, , 6, 
2015/3/16, 43, 14, , 5, 
2015/3/17, 33, 13, , 8, 
2015/3/18, 37, 13, , 10, 
2015/3/19, 43, 14, , 10, 
2015/3/20, 38, 14, , 11, 
2015/3/21, 48, 15, , 7, 
2015/3/22, 41, 14, , 14, 
2015/3/23, 43, 18, , 12, 
2015/3/24, 48, , , 12, 
2015/3/25, 52, , , 4, 
2015/3/26, 70, , , 12, 
2015/3/27, 80, , , 9, 
2015/3/28, 31, , , 3, 
2015/3/29, 29, , , 8, 
2015/3/30, 47, , , 2, 
2015/3/31, 24, , , 19, 
2015/4/1, 47, , , 7, 
2014/10/21, 75, 1, , 12, 
2014/10/22, 95, 1, , 8, 
2014/10/23, 51, 2, , 14, 
2014/10/24, 55, 3, , 15, 
2014/10/25, 62, 2, , 71, 
2014/10/26, 73, 3, , 10, 
2014/10/27, 43, 4, , 34, 
2014/10/28, 44, 3, , 56, 
2014/10/29, 42, 2, , 49, 
2014/10/30, 55, 2, , 1, 
2014/10/31, 41, 3, , 8, 
2014/11/1, 39, 3, , 16, 
2014/11/2, 32, 2, , 12, 
2014/11/3, 60, 2, , 10, 
2014/11/4, 50, 2, , 10, 
2014/11/5, 60, 2, , 11, 
2014/11/6, 37, 2, , 11, 
2014/11/7, 40, 1, , 11, 
2014/11/8, 93, 1, , 10, 
2014/11/9, 75, 1, , 18, 
2014/11/10, 66, 2, , 6, 
2014/11/11, 47, 3, , 9, 
2014/11/12, 80, 3, , 12, 
2014/11/13, 33, 2, , 15, 
2014/11/14, 53, 1, , 16, 
2014/11/15, 55, 2, , 14, 
2014/11/16, 56, 1, , 13, 
2014/11/17, 50, 1, , 14, 
2014/11/18, 56, 1, , 18, 
2014/11/19, 62, 2, , 18, 
2014/11/20, 58, 2, , 13, 
2014/11/21, 45, 2, , 14, 
2014/11/22, 40, 1, , 15, 
2014/11/23, 50, 1, , 30, 
2014/11/24, 51, 3, , 27, 
2014/11/25, 32, 2, , 8, 
2014/11/26, 52, 2, , 7, 
2014/11/27, 63, 2, , 3, 
2014/11/28, 38, 1, , 14, 
2014/11/29, 56, 2, , 19, 
2014/11/30, 62, 2, , 9, 
2014/12/1, 54, 2, , 6, 
2014/12/2, 36, 1, , 15, 
2014/12/3, 59, 2, , 14, 
2014/12/4, 44, 1, , 19, 
2014/12/5, 80, , , , 
2014/12/8, 63, 1, , 16, 
2014/12/9, 41, 2, , 18, 
2014/12/10, 45, 3, , 19, 
2014/12/11, 27, 1, , 15, 
2014/12/12, 38, 2, , 23, 
2014/12/13, 59, 1, , 21, 
2014/12/14, 49, 1, , 11, 
2014/12/15, 28, 1, , 6, 
2014/12/16, 14, 58, , 20, 
2014/12/17, 38, 1, , 16, 
2014/12/18, 60, 3, , 17, 
2014/12/20, 40, 2, , 14, 
2014/12/21, 61, , , , 
2021/5/23, , 8, 6, 1, 
2020/11/29, , 4, , 16, 
2020/11/30, , 2, , 21, 
2020/12/1, , 4, , 13, 
2020/12/2, , 2, , 21, 
2020/12/3, , 4, , 27, 
2020/12/11, , 3, , 14, 
2020/12/12, , 3, , 20, 
2020/12/13, , 3, , 29, 
2020/12/14, , 2, , 23, 
2020/4/1, , 7, , 7, 
2019/11/12, , 11, , 1, 
2019/11/13, , 6, , 7, 
2019/11/14, , 5, , 10, 
2019/12/8, , 1, , 16, 
2019/12/10, , 5, , 5, 
2019/9/23, , 8, , 8, 
2019/5/29, , 17, , 1, 
2018/1/1, , 5, , 26, 
2018/1/24, , 13, 18, 13, 
2017/7/2, , 24, , , 4
2016/6/16, , 4, , , 
2015/11/2, , 29, , , 
2016/1/3, , 20, , , 
2015/7/5, , 23, , , 
2015/8/2, , 21, , , 
2015/8/3, , 16, , , 
2015/4/27, , 29, , 16, 
2015/5/10, , 33, , 3, 
2015/6/1, , 29, , , 
2015/6/2, , 21, , , 
2015/6/3, , 27, , 51, 
2015/6/19, , 26, , , 
2015/6/20, , 25, , , 
2015/6/21, , 31, , , 
2015/6/22, , 37, , , 
2015/6/23, , 18, , , 
2015/6/24, , 26, , , 
2015/1/11, , 3, , 22, 
2015/1/19, , 1, , 27, 
2015/1/25, , 15, , 49, 
2015/2/2, , 13, , 46, 
2015/2/8, , 14, , 42, 
2015/3/1, , 12, , 41, 
2015/3/8, , 12, , 7, 
2014/10/20, , , , 2, 
2014/12/7, , , , 18, 
2014/12/19, , 2, 1, 11, 
2021/6/28, , , 6, 1, 
2020/1/1, , , , 11, 
2016/8/7, , , , 2, 
2021/10/10, , , , , 
2017/7/23, , , , , 1
2017/7/30, , , , , 1
2017/8/23, , , , , 2