date, pm25, pm10, o3, no2, so2, co
2021/11/2, 158, 112, 18, 5, 10, 
2021/11/3, 132, 123, 4, 12, 25, 
2021/11/4, 215, 126, 2, 9, 20, 
2021/11/5, 190, 152, 4, 14, 33, 
2021/11/6, 245, 140, 8, 8, 20, 
2021/11/7, 183, 114, 12, 9, 32, 
2021/11/8, 191, 107, 12, 7, 24, 
2021/11/9, 178, 93, 14, 7, 22, 
2021/11/10, 165, 112, 14, 11, 35, 
2021/11/11, 192, 130, 12, 11, 34, 
2021/11/12, 197, 107, 12, 10, 27, 
2021/11/13, 204, 115, 15, 8, 24, 
2021/11/14, 175, 123, 13, 10, 27, 
2021/11/15, 186, 128, 9, 12, 27, 
2021/11/16, 196, 125, 10, 10, 32, 
2021/11/17, 196, 106, 18, 4, 14, 
2021/11/18, 146, 104, 10, 7, 22, 
2021/11/19, 161, , , , , 
2021/10/26, 135, 155, 29, 10, 7, 
2021/10/27, 189, 112, 14, 10, 18, 
2021/10/28, 173, 117, 14, 10, 15, 
2021/10/29, 192, 62, 12, 5, 15, 
2021/10/30, 126, 132, 17, 7, 6, 
2021/10/31, 168, 89, 16, 6, 13, 
2021/11/1, 149, 106, 20, 7, 10, 
2021/9/2, 50, , 30, 1, 2, 
2021/6/2, 46, 11, 23, 1, 3, 
2021/6/3, 25, 26, 33, 2, 5, 
2021/6/4, 42, 46, 34, 6, 5, 
2021/6/5, 66, 42, 38, 4, 5, 
2021/6/6, 55, 33, 35, 1, 3, 
2021/6/7, 34, , 18, , 3, 
2021/6/18, 19, 20, 27, 1, 4, 
2021/6/19, 30, 38, 29, 5, 6, 
2021/6/20, 58, 42, 32, 5, 9, 
2021/6/21, 60, 34, 35, 3, 8, 
2021/6/22, 55, 27, 33, 5, 5, 
2021/6/23, 43, 23, 40, 5, 4, 
2021/6/24, 44, 37, 30, 5, 6, 
2021/6/25, 46, 32, 28, 4, 6, 
2021/6/26, 43, , 37, 5, 5, 
2021/5/2, 71, 43, 38, 1, 4, 
2021/5/3, 50, 18, 38, 1, 1, 
2021/5/4, 30, 26, 41, 2, 3, 
2021/5/5, 50, 46, 35, 3, 3, 
2021/5/6, 75, 22, 37, 3, 3, 
2021/5/7, 45, 38, 40, 4, 7, 
2021/5/8, 71, 25, 41, 2, 4, 
2021/5/9, 45, 33, 45, 3, 4, 
2021/5/10, 63, 53, 23, 6, 6, 
2021/5/11, 88, , , , , 
2021/5/24, 39, 23, 32, 1, 4, 
2021/5/25, 38, 8, 36, 1, 4, 
2021/5/26, 19, 10, 33, 2, 4, 
2021/5/27, 25, 14, 37, 5, 5, 
2021/5/28, 30, 34, 33, 4, 5, 
2021/5/29, 51, 18, 28, 5, 6, 
2021/5/30, 38, 7, 26, 3, 6, 
2021/5/31, 35, 12, 30, 2, 3, 
2021/6/1, 26, 24, 27, 5, 7, 
2021/4/2, 48, 27, 34, 5, 12, 
2021/4/3, 70, 44, 31, 5, 11, 
2021/4/4, 80, 52, 30, 6, 14, 
2021/4/5, 100, 52, 31, 5, 12, 
2021/4/6, 85, 57, 31, 5, 10, 
2021/4/7, 88, 64, 35, 8, 13, 
2021/4/8, 100, 77, 32, 6, 7, 
2021/4/9, 109, 98, 36, 6, 6, 
2021/4/10, 149, 59, 41, 3, 5, 
2021/4/11, 77, 16, 38, , 1, 
2021/4/12, 42, 16, 38, 3, 7, 
2021/4/13, 49, 42, 38, 6, 10, 
2021/4/14, 84, 41, 35, 3, 7, 
2021/4/15, 80, 11, 38, 1, 3, 
2021/4/16, 34, 22, 39, 4, 5, 
2021/4/17, 48, 45, 39, 4, 6, 
2021/4/18, 78, 54, 38, 5, 7, 
2021/4/19, 87, 54, 39, 4, 5, 
2021/4/20, 77, 68, 38, 3, 3, 
2021/4/21, 88, 63, 36, 3, 5, 
2021/4/22, 81, 47, 35, 2, 5, 
2021/4/23, 62, 44, 29, 3, 8, 
2021/4/24, 63, 77, 37, 2, 6, 
2021/4/25, 79, 21, 38, 2, 4, 
2021/4/26, 56, 6, 38, , 1, 
2021/4/27, 30, 9, 40, 1, 3, 
2021/4/28, 38, 16, 44, 2, 3, 
2021/4/29, 58, 14, 39, 2, 5, 
2021/4/30, 49, 24, 41, 3, 3, 
2021/5/1, 47, 46, 38, 4, 7, 
2021/3/2, 102, 72, 21, 9, 27, 
2021/3/3, 153, 55, 24, 8, 24, 
2021/3/4, 122, 25, 32, 6, 14, 
2021/3/5, 91, 38, 26, 6, 18, 
2021/3/6, 120, 45, 31, 5, 14, 
2021/3/7, 102, 55, 25, 8, 21, 
2021/3/8, 140, 58, 23, 9, 22, 
2021/3/9, 148, 56, 24, 7, 19, 
2021/3/10, 128, 48, 10, 10, 24, 
2021/3/11, 134, , 27, 11, 16, 
2021/3/26, 116, 52, 35, 3, 7, 
2021/3/27, 76, 90, 39, 1, 5, 
2021/3/28, 131, 36, 39, 4, 9, 
2021/3/29, 73, 81, 28, 7, 14, 
2021/3/30, 127, 67, 37, 5, 11, 
2021/3/31, 97, 69, 31, 5, 9, 
2021/4/1, 97, 25, 33, 2, 5, 
2021/2/2, 120, 69, 13, 12, 53, 
2021/2/3, 193, 54, 24, 10, 40, 
2021/2/4, 167, 67, 21, 15, 48, 
2021/2/5, 186, 35, 30, 8, 26, 
2021/2/6, 120, 21, 27, 5, 18, 
2021/2/7, 84, 56, 20, 11, 41, 
2021/2/8, 170, 64, 16, 14, 45, 
2021/2/9, 184, 60, 11, 15, 39, 
2021/2/10, 178, 46, 17, 12, 31, 
2021/2/11, 148, 34, 31, 5, 20, 
2021/2/12, 107, 43, 33, 7, 30, 
2021/2/13, 139, 40, 25, 7, 34, 
2021/2/14, 147, 50, 27, 10, 41, 
2021/2/15, 160, 50, 31, 8, 34, 
2021/2/16, 130, 30, 31, 5, 26, 
2021/2/17, 113, 62, 17, 14, 48, 
2021/2/18, 181, 53, 22, 12, 40, 
2021/2/19, 166, 36, 29, 7, 26, 
2021/2/20, 110, 45, 21, 9, 33, 
2021/2/21, 144, 22, 33, 2, 18, 
2021/2/22, 68, 48, 26, 8, 27, 
2021/2/23, 140, 51, 23, 7, 25, 
2021/2/24, 131, 51, 24, 9, 27, 
2021/2/25, 140, 56, 22, 9, 22, 
2021/2/26, 140, 79, 32, , 2, 
2021/2/27, 63, , , , , 
2021/3/1, 135, 63, 32, 6, 14, 
2021/1/5, 182, 55, 23, 6, 28, 
2021/1/6, 132, 52, 19, 5, 29, 
2021/1/7, 136, 50, 20, 5, 31, 
2021/1/8, 157, 33, 24, 5, 24, 
2021/1/9, 125, 36, 25, 6, 33, 
2021/1/10, 139, 66, 13, 13, 54, 
2021/1/11, 190, 77, 11, 17, 61, 
2021/1/12, 213, 62, 21, 13, 51, 
2021/1/13, 185, 54, 15, 11, 40, 
2021/1/14, 177, 51, 19, 10, 36, 
2021/1/15, 171, 55, 18, 9, 42, 
2021/1/16, 168, 67, 17, 12, 50, 
2021/1/17, 190, 59, 21, 10, 45, 
2021/1/18, 178, 69, 11, 18, 59, 
2021/1/19, 194, 64, 12, 15, 48, 
2021/1/20, 188, 81, 10, 24, 66, 
2021/1/21, 226, 81, 10, 23, 62, 
2021/1/22, 223, 63, 12, 16, 49, 
2021/1/23, 186, 54, 13, 13, 39, 
2021/1/24, 172, 55, 13, 12, 41, 
2021/1/25, 177, 29, 23, 5, 23, 
2021/1/26, 116, 51, 19, 8, 40, 
2021/1/27, 165, 51, 22, 9, 41, 
2021/1/28, 161, 78, 10, 16, 62, 
2021/1/29, 209, 50, 23, 9, 36, 
2021/1/30, 146, 62, 19, 14, 52, 
2021/1/31, 184, 29, 24, 5, 25, 
2021/2/1, 94, 33, 23, 5, 26, 
2020/10/2, 55, 36, 23, 5, 6, 
2020/10/3, 105, , 24, 2, 6, 
2020/10/9, 74, 40, 27, 3, 5, 
2020/10/10, 73, 57, 22, 3, 4, 
2020/10/11, 81, 76, 21, 6, 12, 
2020/10/12, 139, 62, 24, 2, 7, 
2020/10/13, 86, 96, 19, 7, 12, 
2020/10/14, 148, 82, 25, 7, 10, 
2020/10/15, 143, 85, 23, 5, 7, 
2020/10/16, 130, 102, 21, 7, 14, 
2020/10/17, 144, 94, 22, 9, 18, 
2020/10/18, 164, 93, 22, 9, 13, 
2020/10/19, 164, 149, 16, 10, 11, 
2020/10/20, 179, 101, 23, 4, 7, 
2020/10/21, 142, 80, 24, 6, 13, 
2020/10/22, 135, 95, 20, 10, 17, 
2020/10/23, 168, 97, 19, 9, 9, 
2020/10/24, 166, 103, 11, 10, 11, 
2020/10/25, 170, 83, 23, 5, 7, 
2020/10/26, 133, 84, 24, 4, 9, 
2020/10/27, 103, 71, 26, 3, 9, 
2020/10/28, 96, 128, 19, 8, 12, 
2020/10/29, 176, 137, 16, 8, 12, 
2020/10/30, 163, 95, 18, 7, 11, 
2020/10/31, 162, 29, 22, 4, 7, 
2020/11/1, 82, 67, 16, 6, 12, 
2020/11/2, 133, 83, 15, 6, 14, 
2020/11/3, 138, 91, 10, 9, 17, 
2020/11/4, 164, 92, 13, 9, 21, 
2020/11/5, 170, 61, 20, 6, 13, 
2020/11/6, 118, 79, 25, 2, 8, 
2020/11/7, 107, 51, 25, 4, 18, 
2020/11/8, 91, 76, 14, 10, 27, 
2020/11/9, 157, 80, 18, 10, 20, 
2020/11/10, 161, 73, 16, 9, 18, 
2020/11/11, 139, 80, 25, 8, 18, 
2020/11/12, 151, 58, 22, 6, 13, 
2020/11/13, 108, 71, 22, 6, 15, 
2020/11/14, 124, 60, 18, 5, 15, 
2020/11/15, 109, 63, 14, 7, 20, 
2020/11/16, 123, 54, 21, 4, 11, 
2020/11/17, 94, 62, 18, 5, 16, 
2020/11/18, 113, 39, 26, 4, 13, 
2020/11/19, 110, 53, 30, 2, 3, 
2020/11/20, 85, 28, 20, 4, 17, 
2020/11/21, 97, 34, 17, 5, 21, 
2020/11/22, 125, 61, 15, 10, 44, 
2020/11/23, 175, 51, 16, 8, 31, 
2020/11/24, 160, 58, 13, 9, 35, 
2020/11/25, 167, 36, 18, 8, 26, 
2020/11/26, 126, 31, 20, 6, 22, 
2020/11/27, 118, 55, 11, 10, 37, 
2020/11/28, 166, 53, 12, 10, 39, 
2020/11/29, 172, 41, 18, 8, 32, 
2020/11/30, 150, 59, 12, 11, 48, 
2020/12/1, 182, 56, 16, 10, 43, 
2020/12/2, 176, 69, 14, 13, 55, 
2020/12/3, 200, 44, 20, 8, 32, 
2020/12/4, 154, 72, 11, 14, 55, 
2020/12/5, 197, , , , , 
2020/12/10, 199, 37, 22, 7, 28, 
2020/12/11, 131, 66, 10, 13, 48, 
2020/12/12, 192, 51, 15, 9, 36, 
2020/12/13, 164, 63, 13, 10, 51, 
2020/12/14, 182, 78, 8, 13, 62, 
2020/12/15, 207, 77, 6, 14, 58, 
2020/12/16, 202, 74, 8, 17, 58, 
2020/12/17, 202, 63, 13, 14, 52, 
2020/12/18, 190, 68, 7, 14, 53, 
2020/12/19, 196, 76, 7, 16, 58, 
2020/12/20, 209, 66, 8, 14, 50, 
2020/12/21, 187, 67, 8, 16, 54, 
2020/12/22, 191, 53, 19, 13, 44, 
2020/12/23, 167, 38, 21, 7, 32, 
2020/12/24, 132, 80, 7, 17, 70, 
2020/12/25, 218, 73, 5, 15, 55, 
2020/12/26, 203, 65, 13, 14, 54, 
2020/12/27, 192, 43, 19, 8, 36, 
2020/12/28, 136, 22, 21, 3, 28, 
2020/12/29, 78, 41, 21, 4, 25, 
2020/12/30, 131, 40, 19, 7, 35, 
2020/12/31, 135, 69, 9, 12, 50, 
2021/1/1, 190, 58, 17, 9, 41, 
2021/1/2, 174, 45, 18, 6, 36, 
2021/1/3, 147, 62, 17, 8, 43, 
2021/1/4, 179, 62, 16, 9, 48, 
2020/7/2, 59, 21, 38, 3, 1, 
2020/7/3, 47, 26, 38, 5, 1, 
2020/7/4, 53, 42, 42, 4, 2, 
2020/7/5, 64, 44, 43, 5, 2, 
2020/7/6, 73, 55, 43, 6, 3, 
2020/7/7, 103, 51, 48, 3, 35, 
2020/7/8, 83, 42, 36, 5, 68, 
2020/7/9, 62, , , , , 
2020/7/17, 32, 26, 33, 1, 4, 
2020/7/18, 38, 48, 32, 4, 2, 
2020/7/19, 76, 43, 31, 3, 2, 
2020/7/20, 69, 51, 34, 4, 4, 
2020/7/21, 80, 51, 44, 4, 1, 
2020/7/22, 74, 67, 39, 2, , 
2020/7/23, 75, , , , , 
2020/8/12, 74, 36, 31, 2, 2, 1
2020/8/13, 61, 18, 33, 2, , 
2020/8/14, 49, 51, 28, 6, 1, 
2020/8/15, 79, 49, 36, 5, 1, 
2020/8/16, 74, 27, 31, 5, , 
2020/8/17, 77, 16, 29, 3, , 
2020/8/18, 51, 35, 33, 4, 1, 
2020/8/19, 55, 33, 35, 3, , 
2020/8/20, 45, 22, 39, 1, , 
2020/8/21, 28, 35, 36, 2, 1, 
2020/8/22, 37, 27, 27, 4, 1, 
2020/8/23, 43, , , , , 
2020/8/26, 44, 17, 25, 4, , 
2020/8/27, 47, 10, 34, 3, , 
2020/8/28, 40, 7, 40, 1, 2, 
2020/8/29, 27, , , , , 
2020/8/31, 44, 13, 40, 1, 1, 
2020/9/1, 55, 15, 28, 2, 1, 
2020/9/2, 58, 37, 23, 5, 2, 
2020/9/3, 75, 40, 28, 4, 1, 
2020/9/4, 62, 46, 29, 6, 1, 
2020/9/5, 74, 45, 28, 5, 3, 
2020/9/6, 71, 31, 30, 4, 1, 
2020/9/7, 56, 43, 25, 5, 2, 
2020/9/8, 77, 52, 29, 3, 2, 
2020/9/9, 64, 57, 35, 3, 1, 
2020/9/10, 65, 41, 36, 2, 1, 
2020/9/11, 49, 46, 37, , , 
2020/9/12, 53, 26, 35, 2, , 
2020/9/13, 50, 9, 27, 2, 1, 
2020/9/14, 35, 12, 22, 2, 1, 
2020/9/15, 39, 8, 19, 1, 1, 
2020/9/16, 33, 17, 21, 2, 2, 
2020/9/17, 40, 40, 24, 5, 3, 
2020/9/18, 79, 48, 28, 7, 2, 
2020/9/19, 86, 58, 25, 7, 4, 
2020/9/20, 90, 57, 26, 3, 3, 
2020/9/21, 77, 52, 25, 6, 4, 
2020/9/22, 92, 64, 26, 6, 5, 
2020/9/23, 101, 64, 27, 7, 4, 
2020/9/24, 98, 76, 26, 7, 3, 
2020/9/25, 98, 86, 36, 5, 3, 
2020/9/26, 118, 42, 25, 3, 3, 
2020/9/27, 65, 66, 20, 6, 4, 
2020/9/28, 98, 64, 22, 6, 4, 
2020/9/29, 92, 63, 25, 4, 3, 
2020/9/30, 91, 28, 19, 3, 2, 
2020/10/1, 61, 13, 23, 3, 3, 
2020/4/2, 139, 95, , 5, 2, 
2020/4/3, 146, 103, , 5, 2, 
2020/4/4, 142, 106, , 4, 1, 
2020/4/5, 141, 84, , 4, 1, 
2020/4/6, 123, 106, , 3, 2, 
2020/4/7, 147, 81, 2, 2, 2, 
2020/4/8, 89, 70, , 3, 2, 
2020/4/9, 98, 77, , 3, 2, 
2020/4/10, 107, 90, , 4, 1, 
2020/4/11, 139, 77, , 2, , 
2020/4/12, 109, 95, , 1, , 
2020/4/13, 122, 88, , 3, 1, 
2020/4/14, 133, 77, , 1, 1, 
2020/4/15, 97, 44, , 2, 1, 
2020/4/16, 78, 72, , 3, 1, 
2020/4/17, 137, 85, , 4, , 
2020/4/18, 130, 59, , 2, , 
2020/4/19, 81, 47, , 1, , 
2020/4/20, 65, 60, , 1, , 
2020/4/21, 71, 65, , 1, 2, 
2020/4/22, 83, 69, , 2, 2, 
2020/4/23, 112, 86, , 3, 4, 
2020/4/24, 142, 88, , 1, , 
2020/4/25, 117, , , , , 
2020/4/28, 122, 100, 3, 2, , 
2020/4/29, 141, 89, , 5, 2, 
2020/4/30, 152, 105, , , 1, 
2020/5/1, 158, 75, , , 1, 
2020/5/2, 107, 46, , , 1, 
2020/5/3, 64, 70, , , 1, 
2020/5/4, 89, 77, , , 2, 
2020/5/5, 113, 81, , , 1, 
2020/5/6, 98, 86, , , 1, 
2020/5/7, 98, 51, , , 2, 
2020/5/8, 61, 82, , , 3, 
2020/5/9, 99, 32, , , , 
2020/5/10, 43, 42, , , 2, 
2020/5/11, 67, 128, , , 2, 
2020/5/12, 103, 60, , , 1, 
2020/5/13, 84, 73, , , 1, 
2020/5/14, 88, 112, , , 2, 
2020/5/15, 107, 76, , , 1, 
2020/5/16, 77, 36, , , 1, 
2020/5/17, 49, 50, , , , 
2020/5/18, 60, 73, , , 1, 
2020/5/19, 89, 67, , , 2, 
2020/5/20, 85, 59, , , 1, 
2020/5/21, 89, 21, , , , 
2020/5/22, 50, 35, , , , 
2020/5/23, 48, 51, , , 1, 
2020/5/24, 61, 71, , , , 
2020/5/25, 87, 60, , , , 
2020/5/26, 83, 83, , , 1, 
2020/5/27, 114, 96, , , 1, 
2020/5/28, 109, 74, , , 2, 
2020/5/29, 77, 9, , , , 
2020/5/30, 31, 18, , , , 
2020/5/31, 51, 31, , , , 
2020/6/1, 55, 65, , , , 
2020/6/2, 70, 58, 22, 1, 1, 
2020/6/3, 54, 71, 22, 4, 1, 
2020/6/4, 84, 69, 25, 4, , 
2020/6/5, 85, 55, 24, 3, , 
2020/6/6, 60, 65, 25, 2, , 
2020/6/7, 67, 57, 28, 2, 1, 
2020/6/8, 58, 42, 30, 2, 1, 
2020/6/9, 49, 47, 35, 2, , 
2020/6/10, 57, 64, 28, 2, , 
2020/6/11, 63, 53, 29, 2, , 
2020/6/12, 55, 50, 31, 1, , 
2020/6/13, 59, 60, 37, 1, , 
2020/6/14, 73, 76, 44, 3, , 
2020/6/15, 90, 77, 28, 3, , 
2020/6/16, 86, 83, 30, 2, , 
2020/6/17, 85, 78, 28, 2, , 
2020/6/18, 95, 63, 23, 3, , 
2020/6/19, 85, , 32, 3, 2, 
2020/6/24, 47, 11, 27, 2, , 
2020/6/25, 44, 20, 18, 3, , 
2020/6/26, 61, 30, 20, 3, , 
2020/6/27, 56, 38, 23, 2, , 
2020/6/28, 51, 41, 17, 3, , 
2020/6/29, 57, 30, 27, 2, , 
2020/6/30, 58, 58, 12, 4, , 
2020/7/1, 97, 43, 20, 4, 1, 
2020/1/2, 222, 84, 6, 9, 13, 
2020/1/3, 223, 88, 6, 10, 12, 
2020/1/4, 234, 69, 7, 8, 8, 
2020/1/5, 191, 55, 10, 6, 7, 
2020/1/6, 166, 72, 7, 8, 9, 
2020/1/7, 205, 76, 7, 8, 9, 
2020/1/8, 211, 71, 7, 8, 9, 
2020/1/9, 201, 59, 10, 6, 8, 
2020/1/10, 175, 47, 11, 5, 4, 
2020/1/11, 159, 77, 7, 8, 10, 
2020/1/12, 208, 90, 7, 9, 16, 
2020/1/13, 250, 81, 7, 9, 11, 
2020/1/14, 216, 80, 7, 9, 13, 
2020/1/15, 217, 85, 7, 10, 16, 
2020/1/16, 225, 77, 7, 12, 12, 
2020/1/17, 206, 78, 8, 9, 12, 
2020/1/18, 208, 81, 9, 8, 14, 
2020/1/19, 223, 65, 10, 7, 9, 
2020/1/20, 184, 73, 7, 8, 11, 
2020/1/21, 203, 93, 7, 10, 17, 
2020/1/22, 254, 71, 9, 8, 12, 
2020/1/23, 193, 79, 6, 9, 11, 
2020/1/24, 205, 77, 7, 9, 11, 
2020/1/25, 202, 71, 8, 8, 8, 
2020/1/26, 188, 73, 8, 8, 8, 
2020/1/27, 195, 71, 8, 8, 8, 
2020/1/28, 188, 73, 7, 9, 10, 
2020/1/29, 189, 56, 10, 7, 6, 
2020/1/30, 169, 60, 7, 7, 6, 
2020/1/31, 175, 42, 12, 4, 4, 
2020/2/1, 142, 70, 9, 7, 9, 
2020/2/2, 190, 72, 10, 6, 10, 
2020/2/3, 193, 69, 11, 7, 9, 
2020/2/4, 180, 61, 11, 6, 8, 
2020/2/5, 174, 73, 9, 7, 8, 
2020/2/6, 186, 79, 8, 7, 10, 
2020/2/7, 197, 78, 6, 8, 9, 
2020/2/8, 199, 75, 6, 8, 8, 
2020/2/9, 194, 80, 5, 9, 10, 
2020/2/10, 201, 74, 4, 9, 7, 
2020/2/11, 187, 73, 1, 8, 7, 
2020/2/12, 186, 43, , 5, 3, 
2020/2/13, 126, 30, 7, 2, 3, 
2020/2/14, 84, 47, 11, 5, 5, 
2020/2/15, 157, 66, 7, 7, 7, 
2020/2/16, 187, 75, 6, 9, 11, 
2020/2/17, 199, 67, 5, 9, 8, 
2020/2/18, 184, 76, 4, 10, 8, 
2020/2/19, 202, 64, 1, 8, 7, 
2020/2/20, 165, 35, , 4, 4, 
2020/2/21, 112, 34, 1, 5, 4, 
2020/2/22, 123, 69, 2, 9, 8, 
2020/2/23, 192, 66, , 8, 8, 
2020/2/24, 179, 50, , 5, 5, 
2020/2/25, 157, 24, , 3, 2, 
2020/2/26, 95, 24, , 2, 1, 
2020/2/27, 68, 39, , 4, 3, 
2020/2/28, 143, 54, , 6, 5, 
2020/2/29, 166, 38, , 4, 5, 
2020/3/1, 130, 44, , 5, 4, 
2020/3/2, 148, 16, , 2, 2, 
2020/3/3, 59, 45, 2, 5, 5, 
2020/3/4, 142, 47, 8, 6, 5, 
2020/3/5, 144, 42, 4, 4, 3, 
2020/3/6, 122, 51, 5, 6, 5, 
2020/3/7, 153, 56, 3, 7, 5, 
2020/3/8, 158, 24, 3, 3, 2, 
2020/3/9, 91, 52, 9, 5, 4, 
2020/3/10, 158, 54, 8, 6, 5, 
2020/3/11, 161, 47, 9, 5, 3, 
2020/3/12, 118, 35, 11, 4, 3, 
2020/3/13, 127, 48, 8, 5, 5, 
2020/3/14, 144, 29, 11, 4, 3, 
2020/3/15, 98, 47, , 4, 3, 
2020/3/16, 123, 35, , 3, 2, 
2020/3/17, 81, 54, , 5, 1, 
2020/3/18, 130, 36, , 3, 1, 
2020/3/19, 63, 46, , 4, 2, 
2020/3/20, 110, 37, , 4, 1, 
2020/3/21, 102, 56, , 4, 1, 
2020/3/22, 123, 61, , 4, 1, 
2020/3/23, 123, 63, , 5, 2, 
2020/3/24, 129, 105, , 4, 1, 
2020/3/25, 138, 58, , 1, 1, 
2020/3/26, 69, 61, , 1, 1, 
2020/3/27, 85, 73, , 2, 2, 
2020/3/28, 118, 85, , 4, 1, 
2020/3/29, 143, 84, , 5, 2, 
2020/3/30, 154, , , , , 
2019/10/2, 120, 21, 7, 1, , 
2019/10/3, 80, 36, 10, 2, , 
2019/10/4, 72, 78, 43, 4, , 
2019/10/5, 141, 85, 28, 5, , 
2019/10/6, 147, 103, 17, 5, , 
2019/10/7, 158, 67, 16, 2, , 
2019/10/8, 83, 86, 16, 4, , 
2019/10/9, 149, 96, 16, 4, , 
2019/10/10, 135, 57, 15, 2, , 
2019/10/11, 79, 67, 24, 2, , 
2019/10/12, 101, 79, 29, 3, , 
2019/10/13, 119, 125, 62, 4, , 
2019/10/14, 154, 168, 46, 6, , 
2019/10/15, 181, 152, 35, 7, , 
2019/10/16, 188, 126, 25, 5, , 
2019/10/17, 160, 104, 7, 2, , 
2019/10/18, 133, 108, 10, 3, , 
2019/10/19, 158, 61, 8, 3, , 
2019/10/20, 107, 42, 24, 1, , 
2019/10/21, 85, 95, 15, 4, , 
2019/10/22, 156, 85, 12, 5, , 
2019/10/23, 173, , , , , 
2019/10/28, 99, 63, 7, 2, , 
2019/10/29, 125, 87, 7, 3, , 
2019/10/30, 163, 78, 7, 2, , 
2019/10/31, 109, 85, 6, 3, , 
2019/11/1, 138, 90, 6, 3, , 
2019/11/2, 160, , , , , 
2019/11/4, 120, 95, 8, 1, , 
2019/11/5, 118, 105, 7, 3, , 
2019/11/6, 158, 89, 7, 2, , 
2019/11/7, 124, 117, 6, 3, , 
2019/11/8, 182, 111, 6, 4, 1, 
2019/11/9, 181, 81, 7, 2, , 
2019/11/10, 133, 79, 8, 2, , 
2019/11/11, 114, 67, 6, 3, , 
2019/11/12, 158, 39, 9, 1, 1, 
2019/11/13, 76, 43, 7, 3, 2, 
2019/11/14, 128, 72, 7, 5, 4, 
2019/11/15, 186, 56, 7, 4, 2, 
2019/11/16, 157, 63, 10, 3, 2, 
2019/11/17, 141, 50, 11, 2, 2, 
2019/11/18, 93, 72, 7, 4, 5, 
2019/11/19, 193, 76, 6, 5, 6, 
2019/11/20, 196, 71, 7, 5, 4, 
2019/11/21, 181, 69, 6, 5, 4, 
2019/11/22, 176, 83, 6, 6, 6, 
2019/11/23, 198, , , , , 
2019/11/28, 188, 79, 7, 5, 5, 
2019/11/29, 187, 59, 8, 4, 3, 
2019/11/30, 153, 55, 7, 3, 5, 
2019/12/1, 164, 52, 8, 4, 5, 
2019/12/2, 162, 39, 9, 3, 4, 
2019/12/3, 135, 37, 8, 3, 4, 
2019/12/4, 130, , , , , 
2019/12/9, 238, 80, 7, 8, 9, 
2019/12/10, 205, 38, 12, 4, 4, 
2019/12/11, 127, 72, 9, 8, 9, 
2019/12/12, 199, 82, 7, 9, 10, 
2019/12/13, 208, 69, 8, 8, 8, 
2019/12/14, 193, 66, 10, 7, 6, 
2019/12/15, 171, 81, 7, 8, 8, 
2019/12/16, 202, 41, 12, 4, 5, 
2019/12/17, 124, 71, 9, 7, 7, 
2019/12/18, 196, 87, 8, 11, 13, 
2019/12/19, 255, 93, 6, 8, 13, 
2019/12/20, 246, 87, 6, 8, 12, 
2019/12/21, 226, 79, 7, 8, 10, 
2019/12/22, 205, 86, 7, 7, 12, 
2019/12/23, 223, 85, 6, , 12, 
2019/12/24, 220, , , , , 
2019/12/30, 165, , , , , 
2019/7/2, 63, 27, 18, 3, , 
2019/7/3, 50, 40, 32, 3, , 
2019/7/4, 50, 44, 27, 3, , 
2019/7/5, 62, 49, 11, 3, , 
2019/7/6, 94, 64, 19, 4, 1, 
2019/7/7, 99, 59, 14, 3, 1, 
2019/7/8, 92, 57, 13, 4, 1, 
2019/7/9, 89, 82, 23, 4, 1, 
2019/7/10, 103, 89, 18, 4, 1, 
2019/7/11, 111, 40, 25, 3, 1, 
2019/7/12, 51, 38, 21, 3, 2, 
2019/7/13, 61, 48, 22, 3, 1, 
2019/7/14, 73, 54, 25, 3, 1, 
2019/7/15, 73, 34, 32, 2, , 
2019/7/16, 56, 38, 21, 4, 1, 
2019/7/17, 67, 26, 25, 2, 1, 
2019/7/18, 47, 39, 25, 3, , 
2019/7/19, 57, 16, 14, 3, , 
2019/7/20, 58, 34, 16, 4, , 
2019/7/21, 67, 48, 25, 3, 1, 
2019/7/22, 66, 15, 17, 2, , 
2019/7/23, 47, 5, 12, 1, , 
2019/7/24, 29, 8, 7, 2, , 
2019/7/25, 24, 14, 10, 2, , 
2019/7/26, 37, 29, 11, 2, , 
2019/7/27, 46, 30, 12, 2, , 
2019/7/28, 46, 7, 10, 2, , 
2019/7/29, 21, 3, 9, 2, , 
2019/7/30, 16, 37, 9, 2, , 
2019/7/31, 127, 73, 8, 3, , 
2019/8/1, 194, 69, 7, 4, , 
2019/8/2, 157, 75, 7, 4, , 
2019/8/3, 146, 71, 7, 4, , 
2019/8/4, 101, 71, 7, 4, , 
2019/8/5, 113, 30, 9, 5, , 
2019/8/6, 88, 13, 8, 3, , 
2019/8/7, 52, 27, 8, 3, , 
2019/8/8, 80, 39, 8, 4, 1, 
2019/8/9, 113, 17, 10, 3, , 
2019/8/10, 71, 29, 7, 3, , 
2019/8/11, 83, 39, 8, 2, , 
2019/8/12, 81, 10, 9, 2, , 
2019/8/13, 35, 26, 9, 4, , 
2019/8/14, 76, 36, 7, 4, , 
2019/8/15, 108, 27, 8, 1, , 
2019/8/16, 47, 47, 8, 2, , 
2019/8/17, 89, 76, 7, 3, , 
2019/8/18, 114, 49, 9, 3, , 
2019/8/19, 83, 19, 8, 2, , 
2019/8/20, 68, 32, 10, 2, , 
2019/8/21, 87, 60, 8, 3, , 
2019/8/22, 109, 57, 7, 4, , 
2019/8/23, 97, 39, 9, 2, , 
2019/8/24, 77, 29, 9, 3, , 
2019/8/25, 57, 66, 7, 3, , 
2019/8/26, 92, 45, 8, 2, , 
2019/8/27, 75, 37, 10, 2, , 
2019/8/28, 64, 52, 8, 3, , 
2019/8/29, 85, 63, 7, 3, 1, 
2019/8/30, 104, 125, , 5, 1, 
2019/8/31, 177, , , , , 
2019/9/10, 78, 59, 9, 3, , 
2019/9/11, 90, 67, 11, 2, , 
2019/9/12, 78, 25, 12, 2, , 
2019/9/13, 49, 44, 11, 3, , 
2019/9/14, 84, 65, 11, 3, , 
2019/9/15, 101, 50, 13, 2, , 
2019/9/16, 67, 57, 12, 4, , 
2019/9/17, 136, , , , , 
2019/9/19, 141, 93, 10, 3, , 
2019/9/20, 134, 117, 6, 3, , 
2019/9/21, 135, 105, 6, 2, , 
2019/9/22, 142, 150, 5, 2, , 
2019/9/23, 183, , , , , 
2019/9/25, 151, 148, 5, 3, , 
2019/9/26, 166, 131, 6, 3, , 
2019/9/27, 165, 92, 7, 2, , 
2019/9/28, 141, 95, 7, 2, , 
2019/9/29, 100, 102, 8, 2, , 
2019/9/30, 102, 74, 7, 2, , 
2019/10/1, 121, 81, 7, 2, , 
2019/4/2, 158, 100, 27, 6, 3, 
2019/4/3, 161, 105, 17, 6, 3, 
2019/4/4, 179, 67, 31, 3, 3, 
2019/4/5, 92, 87, 31, 3, 2, 
2019/4/6, 131, 64, 32, 3, 2, 
2019/4/7, 154, 50, 36, 4, 1, 
2019/4/8, 143, 50, 28, 4, 3, 
2019/4/9, 115, 59, 27, 4, 4, 
2019/4/10, 119, 82, 33, 4, 2, 
2019/4/11, 150, 90, 28, 5, 1, 
2019/4/12, 145, 83, 31, 4, 2, 
2019/4/13, 123, 84, 34, 3, 1, 
2019/4/14, 133, 99, 27, 4, 1, 
2019/4/15, 149, 102, 27, 4, 1, 
2019/4/16, 160, 91, 27, 2, 1, 
2019/4/17, 126, 66, 27, 1, 1, 
2019/4/18, 92, 99, 35, 2, 1, 
2019/4/19, 134, 291, 35, , , 
2019/4/20, 177, 63, 30, 2, 2, 
2019/4/21, 109, 97, 27, 4, 2, 
2019/4/22, 139, 91, 25, 5, 2, 
2019/4/23, 132, 58, 30, 2, 1, 
2019/4/24, 88, 79, 35, 3, 1, 
2019/4/25, 102, 70, 33, 2, , 
2019/4/26, 88, 219, 32, 3, 1, 
2019/4/27, 159, 98, 23, 6, 2, 
2019/4/28, 142, 87, 29, 4, 1, 
2019/4/29, 131, 68, 27, 3, 1, 
2019/4/30, 102, 110, 24, 5, 2, 
2019/5/1, 148, 112, 20, 4, 2, 
2019/5/2, 139, 101, 18, 4, 1, 
2019/5/3, 139, 92, 23, 4, 1, 
2019/5/4, 155, 58, 31, 2, 2, 
2019/5/5, 86, 90, 29, 3, 2, 
2019/5/6, 128, 93, 22, 5, 1, 
2019/5/7, 131, 97, 23, 5, 2, 
2019/5/8, 143, 132, 23, 14, 6, 
2019/5/9, 187, , , , , 
2019/5/14, 153, 97, 23, 4, 2, 
2019/5/15, 138, 31, 25, 2, 1, 
2019/5/16, 71, 44, 29, 3, 1, 
2019/5/17, 79, 46, 29, 2, 1, 
2019/5/18, 76, 70, 25, 2, 2, 
2019/5/19, 88, 82, 27, 3, 1, 
2019/5/20, 109, 104, 22, 5, 2, 
2019/5/21, 134, 125, 16, 5, 1, 
2019/5/22, 154, 107, 15, 5, 1, 
2019/5/23, 143, 102, 14, 5, 1, 
2019/5/24, 138, 69, 20, 3, 1, 
2019/5/25, 95, 32, 24, 3, 1, 
2019/5/26, 57, 63, 27, 4, , 
2019/5/27, 77, 88, 20, 4, 1, 
2019/5/28, 102, 86, 16, 5, 3, 
2019/5/29, 109, 57, 24, 1, , 
2019/5/30, 73, 74, 23, 4, 1, 
2019/5/31, 93, 100, 17, 4, 1, 
2019/6/1, 116, 95, 22, 3, 1, 
2019/6/2, 107, 32, 27, 2, , 
2019/6/3, 50, 71, 26, 3, , 
2019/6/4, 77, 45, 26, 2, , 
2019/6/5, 54, 82, 21, 5, 1, 
2019/6/6, 95, 69, 21, 3, , 
2019/6/7, 76, 65, 25, 3, , 
2019/6/8, 86, 81, 16, 6, 1, 
2019/6/9, 101, 89, 21, 3, , 
2019/6/10, 102, 75, 23, 3, , 
2019/6/11, 87, 73, 26, 2, , 
2019/6/12, 74, 67, 18, 3, , 
2019/6/13, 72, 78, 15, 5, 1, 
2019/6/14, 92, 84, 29, 3, , 
2019/6/15, 90, 83, 40, 1, , 
2019/6/16, 82, 9, 37, 2, , 
2019/6/17, 30, 13, 19, 3, , 
2019/6/18, 46, 31, 15, 5, , 
2019/6/19, 61, 55, 15, 5, 1, 
2019/6/20, 79, 72, 25, 5, 1, 
2019/6/21, 89, 64, 29, 5, 1, 
2019/6/22, 74, 79, 25, 5, 1, 
2019/6/23, 93, 88, 24, 4, 1, 
2019/6/24, 107, 66, 29, 5, 2, 
2019/6/25, 92, 28, 18, 3, , 
2019/6/26, 55, 52, 16, 3, , 
2019/6/27, 53, 25, 24, 2, , 
2019/6/28, 36, 7, 28, 1, , 
2019/6/29, 19, 26, 16, 3, , 
2019/6/30, 54, 26, 15, 3, , 
2019/7/1, 68, 26, 15, 4, , 
2019/1/2, 212, 101, 6, 12, 7, 
2019/1/3, 202, 70, , , , 
2019/1/4, 202, 107, , , , 
2019/1/5, 300, 108, , , , 
2019/1/6, 291, 102, , , , 
2019/1/7, 292, 96, , , , 
2019/1/8, 280, 99, , , , 
2019/1/9, 268, 110, , , , 
2019/1/10, 290, 111, , , , 
2019/1/11, 283, 106, , , , 
2019/1/12, 273, 74, , , , 
2019/1/13, 200, 81, , , , 
2019/1/14, 219, 62, , , , 
2019/1/15, 180, 127, , , , 
2019/1/16, 331, 125, , , , 
2019/1/17, 303, 91, , , , 
2019/1/18, 212, 98, , , , 
2019/1/19, 257, 88, , , , 
2019/1/20, 228, 114, , , , 
2019/1/21, 299, 104, , , , 
2019/1/22, 266, 177, , , , 
2019/1/23, 334, 84, , , , 
2019/1/24, 171, 67, , , , 
2019/1/25, 189, 103, , , , 
2019/1/26, 206, 69, , , , 
2019/1/27, 143, 60, , , , 
2019/1/28, 154, 115, , , , 
2019/1/29, 229, 82, , , , 
2019/1/30, 151, 82, , , , 
2019/1/31, 177, 162, , , , 
2019/2/1, 299, 292, , , , 
2019/2/2, 344, 99, , , , 
2019/2/3, 156, 187, , , , 
2019/2/4, 243, 238, 17, 2, 2, 
2019/2/5, 321, 133, 21, 1, 3, 
2019/2/6, 225, 129, 20, , 2, 
2019/2/7, 188, 230, 11, 2, 10, 
2019/2/8, 312, 143, 19, 1, 3, 
2019/2/9, 243, 87, 20, 1, 1, 
2019/2/10, 189, 95, 24, , 2, 
2019/2/11, 202, 108, 20, 1, 3, 
2019/2/12, 249, 102, 20, 1, 4, 
2019/2/13, 233, 105, 17, 3, 6, 
2019/2/14, 229, 100, 25, 5, 4, 
2019/2/15, 196, 73, 24, 3, 2, 
2019/2/16, 164, 94, 19, 6, 4, 
2019/2/17, 215, 102, 19, 7, 5, 
2019/2/18, 227, 105, 19, 7, 5, 
2019/2/19, 220, 115, 15, 8, 8, 
2019/2/20, 223, 117, 15, 8, 7, 
2019/2/21, 219, 123, 14, 8, 9, 
2019/2/22, 249, 102, 17, 7, 8, 
2019/2/23, 204, 97, 19, 7, 7, 
2019/2/24, 199, 93, 19, 6, 6, 
2019/2/25, 204, 96, 20, 6, 4, 
2019/2/26, 193, 105, 22, 6, 3, 
2019/2/27, 203, 105, 23, 6, 4, 
2019/2/28, 209, 102, 21, 6, 4, 
2019/3/1, 199, 91, 20, 6, 6, 
2019/3/2, 178, 101, 22, 5, 5, 
2019/3/3, 188, 101, 23, 6, 6, 
2019/3/4, 188, 97, 25, 5, 6, 
2019/3/5, 178, 98, 23, 6, 4, 
2019/3/6, 188, 100, 28, 3, 2, 
2019/3/7, 162, 138, 24, 5, 5, 
2019/3/8, 168, 97, 28, 3, 3, 
2019/3/9, 152, 70, 26, 3, 3, 
2019/3/10, 156, 101, 22, 5, 4, 
2019/3/11, 180, 78, 30, 2, 2, 
2019/3/12, 112, 97, 26, 6, 4, 
2019/3/13, 176, 100, 24, 6, 5, 
2019/3/14, 170, 97, 26, 5, 4, 
2019/3/15, 164, 125, 23, 6, 5, 
2019/3/16, 196, 95, 20, 6, 4, 
2019/3/17, 172, 99, 22, 5, 4, 
2019/3/18, 174, 119, 26, 4, 4, 
2019/3/19, 180, 74, 27, 1, 1, 
2019/3/20, 104, 54, 28, 1, 2, 
2019/3/21, 85, 93, 25, 3, 5, 
2019/3/22, 168, 96, 28, 3, 2, 
2019/3/23, 144, 119, 27, 5, 3, 
2019/3/24, 186, 116, 23, 5, 4, 
2019/3/25, 192, 110, 25, 5, 3, 
2019/3/26, 174, 117, 30, 5, 4, 
2019/3/27, 166, 95, 29, 2, 2, 
2019/3/28, 118, 110, 30, 3, 2, 
2019/3/29, 176, 76, 30, 1, 2, 
2019/3/30, 124, 76, 31, 2, 2, 
2019/3/31, 137, 97, 30, 5, 2, 
2019/4/1, 161, 96, 28, 5, 4, 
2018/10/2, 121, 93, 9, 7, 1, 
2018/10/3, 120, 83, 10, 6, 1, 
2018/10/4, 97, 54, 12, 2, 1, 
2018/10/5, 51, 35, 11, 2, 1, 
2018/10/6, 56, 41, 11, 2, 1, 
2018/10/7, 61, 12, 12, 1, 1, 
2018/10/8, 39, 22, 13, 2, 1, 
2018/10/9, 60, 58, 12, 5, 1, 
2018/10/10, 103, 77, 10, 6, 1, 
2018/10/11, 107, 95, 9, 7, 1, 
2018/10/12, 131, 95, 9, 7, 1, 
2018/10/13, 127, 107, 10, 6, 1, 
2018/10/14, 122, 115, 9, 6, 1, 
2018/10/15, 134, 129, 8, 8, 1, 
2018/10/16, 140, 170, 8, 8, 2, 
2018/10/17, 144, 170, 9, 9, 2, 
2018/10/18, 142, 150, 9, 8, 2, 
2018/10/19, 140, 105, 13, 5, 2, 
2018/10/20, 104, 148, 14, 4, 1, 
2018/10/21, 138, 88, 11, 5, 2, 
2018/10/22, 122, 83, 10, 3, 1, 
2018/10/23, 90, 138, 9, 7, 2, 
2018/10/24, 137, 121, 10, 6, 2, 
2018/10/25, 115, 33, 11, 1, 1, 
2018/10/26, 81, 55, 10, 6, 1, 
2018/10/27, 106, 52, 12, 4, 1, 
2018/10/28, 101, 46, 13, 3, 1, 
2018/10/29, 75, 80, 11, 6, 2, 
2018/10/30, 111, 99, 8, 10, 3, 
2018/10/31, 144, 105, 10, 7, 2, 
2018/11/1, 133, 112, 10, 5, 2, 
2018/11/2, 96, 53, 13, 4, 2, 
2018/11/3, 77, 114, 12, 2, 2, 
2018/11/4, 94, 143, 10, 6, 2, 
2018/11/5, 152, 120, 10, 5, 2, 
2018/11/6, 133, 172, 9, 8, 3, 
2018/11/7, 158, 193, 7, 9, 3, 
2018/11/8, 171, 140, 9, 6, 2, 
2018/11/9, 155, 155, 9, 8, 3, 
2018/11/10, 168, 160, 10, 8, 3, 
2018/11/11, 145, 129, 9, 9, 4, 
2018/11/12, 153, 127, 8, 9, 4, 
2018/11/13, 153, 184, 13, 5, 2, 
2018/11/14, 124, 128, 11, 4, 3, 
2018/11/15, 131, 138, 11, 6, 3, 
2018/11/16, 153, 219, 10, 10, 3, 
2018/11/17, 203, 216, 9, 8, 4, 
2018/11/18, 191, 133, 9, 7, 3, 
2018/11/19, 162, 167, 7, 10, 5, 
2018/11/20, 194, 177, 8, 9, 4, 
2018/11/21, 208, 192, 8, 10, 4, 
2018/11/22, 218, 235, 6, 12, 4, 
2018/11/23, 216, 246, 6, 12, 4, 
2018/11/24, 229, 200, 6, 13, 5, 
2018/11/25, 234, 259, 11, 9, 3, 
2018/11/26, 173, 120, 10, 3, , 
2018/11/27, 125, 105, 9, 8, 2, 
2018/11/28, 147, 166, 6, 13, 5, 
2018/11/29, 210, 170, 6, 13, 5, 
2018/11/30, 214, 125, 6, 13, 6, 
2018/12/1, 193, 117, 6, 11, 3, 
2018/12/2, 156, 85, 9, 4, 1, 
2018/12/3, 101, 140, 7, 8, 2, 
2018/12/4, 206, 190, 6, 12, 5, 
2018/12/5, 235, 187, 9, 11, 5, 
2018/12/6, 240, 86, 12, 4, 2, 
2018/12/7, 141, 131, 11, 8, 3, 
2018/12/8, 180, 257, 6, 16, 7, 
2018/12/9, 300, 150, 6, 14, 9, 
2018/12/10, 209, 129, 8, 10, 4, 
2018/12/11, 197, 272, 5, 17, 9, 
2018/12/12, 303, 203, 7, 13, 7, 
2018/12/13, 257, 111, 7, 13, 6, 
2018/12/14, 184, 113, 6, 12, 5, 
2018/12/15, 184, 156, 6, 14, 9, 
2018/12/16, 250, 154, 7, 14, 9, 
2018/12/17, 262, 123, 7, 14, 7, 
2018/12/18, 204, 143, 6, 15, 9, 
2018/12/19, 226, 134, 6, 14, 10, 
2018/12/20, 216, 113, 6, 13, 9, 
2018/12/21, 201, 120, 7, 12, 7, 
2018/12/22, 218, 61, 12, 5, 3, 
2018/12/23, 125, 155, 7, 16, 10, 
2018/12/24, 274, 93, 11, 11, 7, 
2018/12/25, 174, 69, 13, 6, 4, 
2018/12/26, 143, 83, 12, 8, 4, 
2018/12/27, 166, 77, 12, 7, 4, 
2018/12/28, 162, 139, 8, 12, 7, 
2018/12/29, 234, 128, 8, 10, 5, 
2018/12/30, 210, 157, 6, 15, 9, 
2018/12/31, 243, , , , , 
2018/7/2, 64, 10, 16, 5, 1, 1
2018/7/3, 18, 30, 15, 7, 1, 2
2018/7/4, 46, 49, 15, 9, 1, 2
2018/7/5, 67, 62, 18, 9, 2, 2
2018/7/6, 58, 16, 20, 5, 1, 1
2018/7/7, 34, 23, 7, 3, , 1
2018/7/8, 29, 14, 6, 4, , 1
2018/7/9, 34, 52, 13, 4, 1, 1
2018/7/10, 59, 26, 9, 5, 1, 1
2018/7/11, 39, 7, 5, 3, 1, 1
2018/7/12, 28, 7, 5, 3, 1, 2
2018/7/13, 22, 23, 6, 4, 1, 2
2018/7/14, 52, 36, 23, 4, 2, 2
2018/7/15, 55, 12, 11, 3, 1, 1
2018/7/16, 30, 17, 17, 4, , 2
2018/7/17, 50, 10, 13, 4, , 1
2018/7/18, 33, 27, 10, 4, , 2
2018/7/19, 54, 23, 12, 5, , 1
2018/7/20, 46, 12, 12, 4, , 1
2018/7/21, 35, 8, 7, 3, , 1
2018/7/22, 26, 31, 11, 3, , 
2018/7/23, 78, 21, 9, 4, , 
2018/7/24, 38, 38, 15, 5, , 
2018/7/25, 42, 53, 14, 5, , 
2018/7/26, 46, 23, 11, 4, , 
2018/7/27, 29, 12, 8, 4, , 
2018/7/28, 40, 17, 7, 3, , 
2018/7/29, 51, 19, 11, 4, , 
2018/7/30, 44, 43, 10, 7, , 
2018/7/31, 77, 41, 11, 7, , 
2018/8/1, 71, 26, 8, 4, , 
2018/8/2, 45, 18, 7, 3, , 
2018/8/3, 49, 16, 7, 3, , 
2018/8/4, 31, 53, 8, 6, , 
2018/8/5, 76, 28, 8, 3, , 
2018/8/6, 25, 29, 10, 3, , 
2018/8/7, 36, 59, 10, 4, , 
2018/8/8, 57, 14, 8, 3, , 
2018/8/9, 33, 34, 8, 3, , 
2018/8/10, 50, 8, 7, 3, , 
2018/8/11, 30, 21, 7, 4, , 
2018/8/12, 46, 10, 7, 2, , 
2018/8/13, 23, 38, 13, 4, 1, 
2018/8/14, 46, 43, 8, 3, , 
2018/8/15, 45, 27, 8, 2, , 
2018/8/16, 31, 7, 11, 3, , 
2018/8/17, 22, 32, 11, 5, 1, 
2018/8/18, 41, 44, 12, 6, 1, 
2018/8/19, 51, 18, 16, 5, , 
2018/8/20, 30, 66, 13, 5, , 
2018/8/21, 123, 62, 12, 6, 1, 
2018/8/22, 113, 56, 14, 5, 1, 
2018/8/23, 98, 37, 14, 6, 2, 
2018/8/24, 67, 45, 12, 5, 1, 
2018/8/25, 67, 6, 16, 5, , 
2018/8/26, 21, 12, 14, 4, 1, 
2018/8/27, 32, 31, 13, 6, 1, 
2018/8/28, 54, 46, 14, 6, 2, 
2018/8/29, 65, 27, 15, 6, 1, 
2018/8/30, 51, 15, 14, 5, 1, 
2018/8/31, 35, 20, 13, 5, 1, 
2018/9/1, 38, 29, 11, 5, 1, 
2018/9/2, 69, 8, 14, 3, , 
2018/9/3, 29, 32, 13, 4, 1, 
2018/9/4, 58, 36, 16, 6, 1, 
2018/9/5, 63, 8, 12, 4, 1, 
2018/9/6, 29, 11, 14, 2, , 
2018/9/7, 34, 35, 12, 4, , 
2018/9/8, 70, 38, 13, 5, 1, 
2018/9/9, 62, 43, 14, 4, 1, 
2018/9/10, 56, 47, 15, 5, 1, 
2018/9/11, 55, 9, 13, 3, 1, 
2018/9/12, 27, 34, 13, 5, 1, 
2018/9/13, 68, 33, 13, 5, 1, 
2018/9/14, 56, 43, 13, 2, 1, 
2018/9/15, 50, 69, 8, 6, 1, 
2018/9/16, 120, 121, 13, 7, 1, 
2018/9/17, 104, 75, 14, 7, 2, 
2018/9/18, 80, 108, 14, 6, 1, 
2018/9/19, 86, 109, 11, 6, 2, 
2018/9/20, 100, 8, 10, 1, , 
2018/9/21, 31, , , , , 
2018/9/24, 97, 64, 10, 7, 2, 
2018/9/25, 83, 121, 8, 7, 2, 
2018/9/26, 91, 85, 12, 5, 1, 
2018/9/27, 78, 8, 15, 2, 1, 
2018/9/28, 28, 10, 12, 1, 1, 
2018/9/29, 38, 13, 11, 2, 2, 
2018/9/30, 35, 42, 11, 3, 1, 
2018/10/1, 82, 82, 9, 5, 1, 
2018/4/2, 104, 57, 20, , , 1
2018/4/3, 59, 88, 22, 2, , 3
2018/4/4, 102, 116, 22, 3, , 1
2018/4/5, 79, 116, 25, 1, , 1
2018/4/6, 93, 103, 14, 7, 1, 3
2018/4/7, 113, 106, 15, 11, 1, 4
2018/4/8, 128, 121, 15, 9, 1, 3
2018/4/9, 125, 71, 19, 7, 1, 2
2018/4/10, 86, 62, 18, 3, , 1
2018/4/11, 77, 89, 16, 8, 1, 3
2018/4/12, 112, 132, 17, 6, 1, 2
2018/4/13, 100, 17, 18, 2, , 1
2018/4/14, 49, 49, 18, 6, 1, 3
2018/4/15, 104, 71, 14, 6, 1, 3
2018/4/16, 107, 85, 17, 7, 1, 3
2018/4/17, 108, 78, 16, 6, 1, 2
2018/4/18, 98, 53, 13, 5, 1, 1
2018/4/19, 69, 93, 18, 5, 1, 1
2018/4/20, 73, 47, 18, 5, 2, 1
2018/4/21, 63, 43, 20, 3, 1, 1
2018/4/22, 40, 59, 21, 4, 1, 1
2018/4/23, 62, 101, 21, 6, 1, 2
2018/4/24, 92, 97, 20, 6, 1, 1
2018/4/25, 83, 113, 20, 7, 1, 1
2018/4/26, 102, 114, 19, 8, 3, 1
2018/4/27, 94, 91, 17, 6, 2, 1
2018/4/28, 80, 28, 17, 5, 1, 1
2018/4/29, 46, 27, 18, 4, 1, 1
2018/4/30, 46, 59, 16, 5, 1, 1
2018/5/1, 77, 104, 19, 6, 1, 2
2018/5/2, 96, 79, 21, 5, 1, 1
2018/5/3, 67, 136, 21, 4, 2, 1
2018/5/4, 83, 101, 17, 2, 1, 1
2018/5/5, 64, 88, 18, 4, 1, 1
2018/5/6, 79, 97, 18, 7, 1, 2
2018/5/7, 82, 120, 19, 7, 1, 1
2018/5/8, 93, 107, 17, 7, 1, 1
2018/5/9, 92, 78, 18, 3, 1, 1
2018/5/10, 61, 119, 13, 5, 1, 1
2018/5/11, 94, 109, 17, 5, 1, 1
2018/5/12, 86, 111, 17, 4, 1, 1
2018/5/13, 84, 92, 13, 4, 1, 1
2018/5/14, 72, 84, 17, 6, 2, 1
2018/5/15, 65, 85, 19, 4, 1, 1
2018/5/16, 71, 104, 15, 6, 3, 1
2018/5/17, 84, 141, 12, 9, 2, 1
2018/5/18, 91, 201, 20, 6, 1, 1
2018/5/19, 105, 100, 20, 5, 2, 1
2018/5/20, 78, 159, 14, 4, 1, 1
2018/5/21, 82, 82, 17, 2, 1, 1
2018/5/22, 68, 83, 15, 1, 1, 1
2018/5/23, 70, 96, 14, 3, 1, 1
2018/5/24, 70, 89, 12, 5, 2, 1
2018/5/25, 74, 100, 13, 4, 1, 1
2018/5/26, 76, 105, 15, 3, 2, 1
2018/5/27, 75, 111, 18, 4, 2, 1
2018/5/28, 87, 67, 13, 5, 4, 1
2018/5/29, 51, 87, 11, 7, 2, 1
2018/5/30, 64, 93, 13, 4, 2, 1
2018/5/31, 61, 114, 12, 3, 2, 1
2018/6/1, 81, 146, 14, 4, 2, 1
2018/6/2, 104, 63, 13, 2, 2, 1
2018/6/3, 65, 36, 12, 3, 2, 1
2018/6/4, 35, 65, 13, 5, 2, 1
2018/6/5, 57, 62, 15, 5, 2, 1
2018/6/6, 61, 37, 14, 3, 2, 1
2018/6/7, 50, 75, 10, 5, 2, 1
2018/6/8, 72, 71, 11, 6, 2, 1
2018/6/9, 59, 65, 12, 5, 2, 1
2018/6/10, 52, 69, 13, 5, 2, 1
2018/6/11, 56, 59, 16, 5, 3, 1
2018/6/12, 52, 51, 13, 3, 2, 1
2018/6/13, 45, 71, 10, 6, 2, 1
2018/6/14, 62, 102, 12, 6, 2, 1
2018/6/15, 75, 68, 10, 5, 3, 1
2018/6/16, 66, 68, 8, 5, 2, 1
2018/6/17, 64, 21, 14, 6, 2, 1
2018/6/18, 48, 28, 10, 6, 2, 1
2018/6/19, 51, 47, 9, 6, 3, 1
2018/6/20, 57, 85, 14, 8, 3, 1
2018/6/21, 63, 79, 9, 6, 2, 1
2018/6/22, 60, 63, 7, 6, 3, 1
2018/6/23, 60, 45, 9, 5, 3, 1
2018/6/24, 64, 18, 10, 4, 3, 1
2018/6/25, 36, 37, 9, 6, 3, 1
2018/6/26, 45, 37, 9, 4, 3, 1
2018/6/27, 45, 57, 10, 4, 2, 1
2018/6/28, 57, 80, 12, 5, , 2
2018/6/29, 68, 104, 9, 6, , 2
2018/6/30, 88, 98, 11, 7, , 2
2018/7/1, 99, 50, 10, 6, , 1
2018/1/2, 181, 57, 8, 4, 2, 6
2018/1/3, 147, 69, 8, 6, 3, 7
2018/1/4, 163, 134, 6, 11, 7, 15
2018/1/5, 257, 164, 5, 12, 8, 19
2018/1/6, 309, 171, 5, 17, 14, 21
2018/1/7, 316, 90, 10, 9, 7, 11
2018/1/8, 190, 58, 10, 5, 3, 5
2018/1/9, 150, 48, 14, 5, 4, 5
2018/1/10, 130, 68, 16, 7, 5, 8
2018/1/11, 159, 166, 7, 16, 10, 21
2018/1/12, 296, 131, 7, 18, 14, 17
2018/1/13, 247, 139, 7, 18, 13, 20
2018/1/14, 268, 112, 7, 13, 10, 14
2018/1/15, 225, 99, 9, 13, 8, 12
2018/1/16, 207, 93, 10, 12, 9, 11
2018/1/17, 193, 139, 8, 15, 9, 17
2018/1/18, 261, 134, 12, 14, 10, 17
2018/1/19, 251, 68, 13, 7, 4, 7
2018/1/20, 155, 97, 9, 12, 8, 11
2018/1/21, 200, 95, 11, 9, 5, 11
2018/1/22, 201, , , , , 
2018/1/25, 164, 134, 8, 12, 9, 14
2018/1/26, 248, 105, 11, 12, 11, 11
2018/1/27, 211, 63, 13, 5, 6, 5
2018/1/28, 149, 69, 13, 6, 6, 6
2018/1/29, 162, 105, 14, 11, 9, 12
2018/1/30, 210, 155, 11, 15, 12, 20
2018/1/31, 291, 121, 13, 13, 12, 15
2018/2/1, 232, 74, 10, 8, 7, 8
2018/2/2, 170, , , , , 
2018/2/4, 232, 146, 13, 11, 8, 18
2018/2/5, 265, 124, 10, 15, 12, 13
2018/2/6, 243, 85, 16, 9, 6, 11
2018/2/7, 180, 108, 11, 14, 9, 13
2018/2/8, 215, 56, 16, 5, 5, 4
2018/2/9, 108, 47, 16, 1, 3, 2
2018/2/10, 88, 50, 15, 3, 3, 4
2018/2/11, 111, 43, 15, 4, 4, 4
2018/2/12, 115, 175, 12, 16, 10, 23
2018/2/13, 314, 65, 17, 8, 6, 8
2018/2/14, 146, 109, 15, 13, 6, 12
2018/2/15, 217, 97, 13, 13, 8, 12
2018/2/16, 199, 123, 10, 18, 11, 15
2018/2/17, 233, 74, 20, 11, 6, 9
2018/2/18, 157, 63, 17, 7, 5, 6
2018/2/19, 148, 110, 16, 12, 6, 14
2018/2/20, 225, 98, 17, 12, 7, 12
2018/2/21, 203, 121, 16, 13, 7, 16
2018/2/22, 242, 98, 17, 13, 6, 11
2018/2/23, 195, 80, 18, 12, 12, 9
2018/2/24, 167, 83, 16, 13, 10, 9
2018/2/25, 173, 71, 16, 12, , 8
2018/2/26, 159, 41, 20, 5, , 3
2018/2/27, 105, 77, 16, 12, , 9
2018/2/28, 173, 44, 20, 5, , 4
2018/3/1, 108, 84, 20, 11, , 8
2018/3/2, 170, 84, 15, 12, , 10
2018/3/3, 160, 40, 21, 4, , 3
2018/3/4, 99, 59, 21, 6, , 5
2018/3/5, 121, 72, 19, 8, , 5
2018/3/6, 144, 52, 20, 6, , 3
2018/3/7, 89, 56, 22, 7, 6, 4
2018/3/8, 121, 89, 15, 14, 9, 8
2018/3/9, 170, 42, 20, 7, 5, 4
2018/3/10, 95, 56, 22, 7, 7, 4
2018/3/11, 109, 84, 16, 10, , 6
2018/3/12, 151, 77, 13, 13, , 7
2018/3/13, 151, 37, 22, 6, , 3
2018/3/14, 99, 35, 23, 2, , 2
2018/3/15, 75, 73, 21, 8, , 5
2018/3/16, 134, 84, 21, 9, , 6
2018/3/17, 143, 73, 20, 9, , 6
2018/3/18, 135, 63, 21, 9, , 5
2018/3/19, 113, 59, 17, 7, , 4
2018/3/20, 103, 74, 18, 5, , 3
2018/3/21, 107, 55, 16, 4, , 2
2018/3/22, 79, 66, 18, 5, , 4
2018/3/23, 116, 103, 19, 7, , 5
2018/3/24, 131, 94, 18, 8, , 4
2018/3/25, 128, 137, 21, 6, 2, 3
2018/3/26, 120, 111, 21, 3, , 2
2018/3/27, 104, 96, 21, 3, , 1
2018/3/28, 86, 90, 20, 4, , 3
2018/3/29, 107, 97, 20, 4, , 3
2018/3/30, 100, 54, 19, 3, , 1
2018/3/31, 70, 322, 18, 5, , 3
2018/4/1, 179, 145, 22, 2, , 1
2017/10/2, 89, 42, 11, 2, , 4
2017/10/3, 96, 59, 13, 4, , 3
2017/10/4, 87, 104, 8, 8, 3, 4
2017/10/5, 126, 108, 10, 6, 2, 3
2017/10/6, 115, 72, 13, 3, , 3
2017/10/7, 83, 76, 14, 5, 1, 4
2017/10/8, 85, 9, 12, 1, 1, 1
2017/10/9, 34, 30, 12, 2, 1, 2
2017/10/10, 75, 71, 11, 5, 1, 5
2017/10/11, 126, 98, 10, 4, 1, 7
2017/10/12, 139, 81, 11, 4, 1, 6
2017/10/13, 130, 91, 9, 5, 1, 7
2017/10/14, 145, 136, 10, 5, 1, 8
2017/10/15, 150, 118, 10, 6, 1, 6
2017/10/16, 149, 178, 9, 8, 3, 7
2017/10/17, 166, 162, 10, 8, 3, 7
2017/10/18, 158, 142, 9, 9, 4, 7
2017/10/19, 159, 115, 9, 7, 3, 6
2017/10/20, 146, 142, 10, 5, 2, 5
2017/10/21, 130, 48, 8, 5, 1, 5
2017/10/22, 114, 62, 14, 5, 1, 7
2017/10/23, 122, 56, 11, 4, 2, 3
2017/10/24, 83, 83, 8, 6, 5, 7
2017/10/25, 147, 103, 7, 7, 3, 9
2017/10/26, 160, 103, 6, 8, 3, 8
2017/10/27, 158, 34, 11, 2, 2, 2
2017/10/28, 70, 65, 10, 1, 1, 3
2017/10/29, 104, 85, 10, 5, 3, 6
2017/10/30, 129, 147, 8, 5, 2, 6
2017/10/31, 154, 118, 9, 6, 2, 9
2017/11/1, 156, 88, 9, 6, 3, 7
2017/11/2, 140, 92, 11, 7, 3, 7
2017/11/3, 122, 103, 8, 9, 4, 9
2017/11/4, 155, 159, 7, 10, 4, 8
2017/11/5, 167, 114, 8, 8, 3, 8
2017/11/6, 160, 67, , 11, 3, 9
2017/11/7, 153, , , , , 
2017/11/10, 150, 65, 11, 8, 2, 7
2017/11/11, 143, 70, 9, 9, 3, 6
2017/11/12, 153, 36, 10, 5, 1, 5
2017/11/13, 95, 43, 12, 3, 1, 3
2017/11/14, 111, 100, 9, 10, 3, 12
2017/11/15, 204, 105, 6, 13, 5, 14
2017/11/16, 204, 78, 8, 9, 4, 9
2017/11/17, 152, 69, 8, 7, 2, 7
2017/11/18, 159, 123, 7, 11, 4, 17
2017/11/19, 238, 132, 6, 14, 6, 17
2017/11/20, 241, 103, 8, 15, 9, 13
2017/11/21, 195, 40, 9, 4, 3, 4
2017/11/22, 110, 72, 9, 8, 3, 8
2017/11/23, 162, 82, 9, 8, 3, 11
2017/11/24, 173, 91, 8, 10, 4, 12
2017/11/25, 189, 51, 8, 6, 4, 6
2017/11/26, 134, 88, 7, 12, 8, 12
2017/11/27, 182, 46, 12, 7, 4, 8
2017/11/28, 97, 54, 10, 5, 2, 6
2017/11/29, 126, 123, 7, 11, 6, 17
2017/11/30, 238, 130, 8, 11, 6, 19
2017/12/1, 254, 141, 6, 14, 8, 23
2017/12/2, 273, 64, 8, 7, 4, 10
2017/12/3, 151, 73, 8, 7, 4, 10
2017/12/4, 169, 101, 8, 10, 5, 16
2017/12/5, 211, 91, 8, 9, 5, 13
2017/12/6, 189, 78, 8, 7, 3, 11
2017/12/7, 174, 70, 7, 6, 2, 8
2017/12/8, 169, 116, 7, 9, 2, 14
2017/12/9, 227, 85, 10, 6, 3, 14
2017/12/10, 173, 52, 9, 3, 1, 5
2017/12/11, 133, 82, 6, 7, 3, 9
2017/12/12, 176, 79, 7, 8, 3, 8
2017/12/13, 168, , , , , 
2017/12/15, 169, 76, 9, 7, 3, 9
2017/12/16, 172, 58, 10, 6, 2, 7
2017/12/17, 140, 82, 10, 8, 4, 11
2017/12/18, 172, 56, 10, 6, 3, 6
2017/12/19, 141, 63, 11, 8, 3, 9
2017/12/20, 151, 95, 10, 11, 4, 12
2017/12/21, 197, 130, 6, 14, 6, 18
2017/12/22, 249, 124, 6, 13, 7, 16
2017/12/23, 240, 117, 6, 13, 7, 17
2017/12/24, 228, 130, 6, 12, 7, 16
2017/12/25, 246, 187, 6, 16, 10, 28
2017/12/26, 352, 101, 6, 13, 8, 16
2017/12/27, 213, 84, 6, 11, 6, 10
2017/12/28, 179, 69, 8, 10, 7, 9
2017/12/29, 145, 52, 8, 6, 4, 5
2017/12/30, 126, 57, 8, 5, 2, 6
2017/12/31, 140, , , , , 
2017/7/2, 31, , , , , 
2017/7/21, 20, 40, 29, 6, 2, 1
2017/7/22, 45, 30, 27, 7, 3, 1
2017/7/23, 55, 37, 25, 6, 2, 1
2017/7/24, 53, 46, 29, 5, 1, 1
2017/7/25, 56, 16, 32, 7, 5, 1
2017/7/26, 34, 27, 28, 6, 1, 1
2017/7/27, 43, 28, 26, 7, 3, 1
2017/7/28, 39, , , , , 
2017/7/30, 44, 80, 31, 6, 4, 2
2017/7/31, 60, 22, 32, 5, 2, 1
2017/8/1, 34, 24, 35, 6, 2, 2
2017/8/2, 53, 32, 32, 5, 1, 1
2017/8/3, 46, 29, 36, 6, 1, 1
2017/8/4, 39, 12, 28, 6, 2, 1
2017/8/5, 30, 25, 30, 5, 2, 2
2017/8/6, 52, , , , , 
2017/8/8, 45, 47, 30, 4, 3, 1
2017/8/9, 52, 27, 13, 4, 1, 2
2017/8/10, 48, 12, 11, 4, 1, 1
2017/8/11, 27, 13, 11, 3, 1, 1
2017/8/12, 34, 33, 13, 3, 2, 1
2017/8/13, 43, 58, 12, 5, 1, 2
2017/8/14, 64, 62, 12, 4, 1, 2
2017/8/15, 64, 70, 14, 6, 3, 2
2017/8/16, 70, 55, 12, 5, 2, 2
2017/8/17, 67, 21, 8, , 2, 
2017/8/18, 50, 10, 11, 5, 3, 2
2017/8/19, 29, 9, 11, 4, 2, 1
2017/8/20, 28, 7, 9, 2, , 1
2017/8/21, 27, 15, 9, 2, 1, 2
2017/8/22, 39, 18, 9, 4, , 2
2017/8/23, 51, 12, 9, 2, , 2
2017/8/24, 40, 15, 11, 2, , 2
2017/8/25, 41, 21, 10, 2, , 1
2017/8/26, 29, 39, 11, 3, 1, 2
2017/8/27, 56, 23, 11, 1, , 1
2017/8/28, 27, 52, 12, 2, , 1
2017/8/29, 58, 66, 12, 4, 1, 2
2017/8/30, 75, 72, 11, 5, 1, 2
2017/8/31, 79, 50, 9, 5, 1, 2
2017/9/1, 78, 38, 11, 5, , 2
2017/9/2, 60, 17, 11, 4, , 2
2017/9/3, 49, 30, 6, 5, , 2
2017/9/4, 71, 11, 11, 3, , 2
2017/9/5, 31, 60, 5, 5, , 6
2017/9/6, 133, , , , , 
2017/9/12, 60, 56, 12, 5, 1, 2
2017/9/13, 62, 75, 6, 6, , 2
2017/9/14, 75, 66, 11, 5, 1, 2
2017/9/15, 67, 31, 11, 3, , 2
2017/9/16, 54, 70, 11, 3, , 2
2017/9/17, 69, 77, 12, 4, , 3
2017/9/18, 83, 62, 13, 2, , 2
2017/9/19, 61, 76, 12, 5, , 3
2017/9/20, 86, 82, 12, 4, 1, 2
2017/9/21, 64, 21, 11, 3, 1, 2
2017/9/22, 42, 24, 11, 3, , 2
2017/9/23, 52, 30, 12, 5, 1, 3
2017/9/24, 69, 43, 13, 4, 1, 3
2017/9/25, 63, 23, 12, 2, , 2
2017/9/26, 40, 54, 5, 5, , 5
2017/9/27, 110, 46, 11, 2, , 3
2017/9/28, 66, 64, 11, 4, 1, 5
2017/9/29, 99, 81, 11, 5, 1, 4
2017/9/30, 97, 40, 12, 4, 1, 3
2017/10/1, 63, 39, 10, 2, , 3
2017/4/2, 135, 135, 30, 8, 5, 4
2017/4/3, 128, 94, 26, 7, 4, 3
2017/4/4, 95, 112, 21, 9, 7, 4
2017/4/5, 123, 70, 28, 4, 2, 2
2017/4/6, 81, 158, 31, 6, 3, 3
2017/4/7, 127, 113, 32, 4, 2, 2
2017/4/8, 101, 134, 25, 7, 4, 4
2017/4/9, 123, 141, 26, 7, 4, 4
2017/4/10, 137, 107, 37, 2, 1, 1
2017/4/11, 90, 107, 33, 7, 3, 4
2017/4/12, 108, 130, 27, 8, 4, 4
2017/4/13, 133, 138, 31, 6, 3, 4
2017/4/14, 126, 137, 32, 9, 5, 4
2017/4/15, 132, 122, 30, 7, 4, 3
2017/4/16, 126, 52, 29, 5, 3, 2
2017/4/17, 79, 40, 34, 4, 2, 2
2017/4/18, 69, 141, 31, 5, 2, 3
2017/4/19, 105, 50, 34, 2, 1, 1
2017/4/20, 57, 49, 28, 3, 2, 2
2017/4/21, 63, 79, 34, 4, 2, 2
2017/4/22, 77, 86, 34, 2, 2, 1
2017/4/23, 68, 90, 36, 2, 2, 1
2017/4/24, 85, 71, 29, 2, 3, 2
2017/4/25, 77, 90, 29, 5, 5, 3
2017/4/26, 98, 102, 35, 7, 4, 3
2017/4/27, 112, 134, 35, 7, 4, 4
2017/4/28, 127, 138, 29, 7, 5, 3
2017/4/29, 122, 146, 40, 9, 5, 3
2017/4/30, 155, 158, 29, 7, 5, 3
2017/5/1, 151, 165, 34, 5, 4, 2
2017/5/2, 141, 121, 32, 3, 4, 1
2017/5/3, 98, 45, 28, 1, , 1
2017/5/4, 42, 50, 34, 1, 3, 1
2017/5/5, 52, 66, 32, 2, 1, 1
2017/5/6, 66, 106, 31, 4, 1, 3
2017/5/7, 94, 124, 31, 6, 1, 2
2017/5/8, 109, 188, 33, 5, 1, 2
2017/5/9, 108, 51, 29, 2, , 1
2017/5/10, 52, 126, 33, 4, 2, 1
2017/5/11, 83, 40, 33, , , 1
2017/5/12, 35, 48, 37, 3, 8, 1
2017/5/13, 46, 68, 33, 5, 3, 2
2017/5/14, 65, 68, 33, 5, 2, 1
2017/5/15, 62, 97, 29, 5, 2, 2
2017/5/16, 83, 121, 28, 5, 1, 1
2017/5/17, 95, 111, 25, 7, 2, 2
2017/5/18, 95, 98, 32, 2, 1, 1
2017/5/19, 71, 101, 30, 6, 7, 1
2017/5/20, 78, 18, 22, 4, 1, 1
2017/5/21, 45, 28, 27, 5, , 2
2017/5/22, 60, 38, 30, 4, , 1
2017/5/23, 49, 75, 32, 7, 1, 1
2017/5/24, 71, 76, 25, 6, 1, 1
2017/5/25, 68, 117, 22, 7, 1, 1
2017/5/26, 83, 127, 22, 8, 3, 2
2017/5/27, 95, 72, 32, 3, 4, 1
2017/5/28, 71, 60, 27, 2, , 1
2017/5/29, 51, 88, 35, 7, 2, 1
2017/5/30, 74, 89, 34, 5, 1, 1
2017/5/31, 74, 85, 28, 5, 1, 1
2017/6/1, 72, 82, 30, 4, 4, 1
2017/6/2, 74, 55, 33, 1, , 1
2017/6/3, 54, 70, 24, 3, 1, 1
2017/6/4, 57, 51, 23, 2, 2, 1
2017/6/5, 47, 99, 27, 4, 2, 1
2017/6/6, 76, 50, 28, 1, , 1
2017/6/7, 54, 92, 28, 4, , 1
2017/6/8, 74, 91, 28, 5, 1, 1
2017/6/9, 75, 97, 30, 3, 1, 1
2017/6/10, 79, 75, 32, 1, , 1
2017/6/11, 57, 80, 33, 3, 1, 1
2017/6/12, 65, 69, 26, 4, 1, 1
2017/6/13, 56, 80, 27, 3, 2, 1
2017/6/14, 58, 185, 38, 5, 3, 1
2017/6/15, 112, 90, 31, 6, 3, 1
2017/6/16, 87, 72, 31, 5, 3, 1
2017/6/17, 67, 68, 32, 2, 1, 1
2017/6/18, 64, 78, 29, 2, 1, 1
2017/6/19, 88, 85, 23, 4, 1, 1
2017/6/20, 93, 13, 29, 6, 1, 1
2017/6/21, 45, 20, 27, 5, 2, 1
2017/6/22, 51, 21, 22, 5, 2, 1
2017/6/23, 38, 48, 23, 8, 2, 1
2017/6/24, 57, 60, 22, 8, 1, 1
2017/6/25, 69, 79, 21, 7, 2, 1
2017/6/26, 76, 80, 20, 8, 3, 1
2017/6/27, 74, 80, 19, 9, 3, 1
2017/6/28, 82, 69, 26, 6, 6, 2
2017/6/29, 108, 39, 27, 4, 4, 1
2017/6/30, 72, 56, 18, 6, 4, 1
2017/7/1, 71, 11, 24, 3, 2, 1
2017/1/3, 263, 177, 3, 29, 25, 28
2017/1/4, 316, 102, 3, 21, 20, 16
2017/1/5, 206, 111, 4, 20, 19, 18
2017/1/6, 221, 133, 2, 22, 21, 23
2017/1/7, 261, 96, 5, 19, 17, 14
2017/1/8, 200, 77, 14, 10, 6, 9
2017/1/9, 180, 91, 11, 14, 10, 12
2017/1/10, 197, 143, 6, 13, 9, 19
2017/1/11, 274, 172, 3, 16, 13, 25
2017/1/12, 329, 157, 2, 18, 18, 22
2017/1/13, 300, 114, 4, 18, 15, 15
2017/1/14, 229, 75, 12, 16, 12, 9
2017/1/15, 170, 113, 7, 13, 13, 14
2017/1/16, 220, 130, 4, 16, 16, 16
2017/1/17, 245, 142, 4, 14, 13, 18
2017/1/18, 277, 158, 7, 14, 14, 20
2017/1/19, 292, 154, 5, 14, 13, 18
2017/1/20, 280, 91, 10, 15, 19, 11
2017/1/21, 192, 91, 12, 12, 10, 11
2017/1/22, 200, 106, 6, 20, 18, 14
2017/1/23, 213, 98, 6, 19, 18, 12
2017/1/24, 200, 84, 6, 20, 16, 10
2017/1/25, 181, 60, , 13, 14, 8
2017/1/26, 143, 72, 6, 12, 9, 9
2017/1/27, 165, 106, 8, 21, 19, 14
2017/1/28, 209, 42, 25, 4, 4, 2
2017/1/29, 78, 88, 14, 11, 10, 8
2017/1/30, 173, 99, 15, 15, 12, 11
2017/1/31, 201, 142, 13, 19, 17, 18
2017/2/1, 268, 123, 8, 23, 20, 14
2017/2/2, 224, 106, 10, 20, 16, 13
2017/2/3, 207, , , , , 
2017/2/6, 243, 110, 10, 21, 18, 13
2017/2/7, 209, 44, 17, 8, 7, 5
2017/2/8, 113, 90, 14, 14, 10, 10
2017/2/9, 187, 116, 10, 18, 17, 12
2017/2/10, 229, 98, 10, 20, 16, 10
2017/2/11, 194, 92, 11, 20, 17, 10
2017/2/12, 192, 106, 10, 22, 19, 12
2017/2/13, 203, 69, 15, 17, 15, 7
2017/2/14, 160, 97, 10, 23, 20, 12
2017/2/15, 195, 34, 27, 8, 10, 3
2017/2/16, 93, 60, 22, 10, 7, 6
2017/2/17, 143, 88, 16, 15, 11, 9
2017/2/18, 183, 67, 24, 14, 14, 6
2017/2/19, 143, 34, 28, 6, 5, 3
2017/2/20, 88, 72, 20, 12, 7, 7
2017/2/21, 150, 76, 21, 11, 6, 7
2017/2/22, 156, 61, 26, 9, 4, 6
2017/2/23, 138, 82, 20, 15, 10, 8
2017/2/24, 168, 101, 21, 15, 9, 12
2017/2/25, 202, 85, 20, 13, 7, 10
2017/2/26, 178, 69, 22, 13, 8, 7
2017/2/27, 155, 72, 23, 11, 6, 8
2017/2/28, 155, 48, 32, 7, 3, 3
2017/3/1, 95, 60, 27, 9, 4, 5
2017/3/2, 135, 68, 22, 13, 8, 7
2017/3/3, 153, 49, 27, 10, 8, 5
2017/3/4, 123, 30, 29, 6, 4, 3
2017/3/5, 82, 43, 28, 6, 3, 3
2017/3/6, 103, 26, 30, 4, 3, 2
2017/3/7, 76, 49, 26, 7, 4, 5
2017/3/8, 121, 63, 24, 8, 5, 8
2017/3/9, 143, 70, 22, 12, 7, 8
2017/3/10, 144, 58, 32, 9, 5, 6
2017/3/11, 121, 40, 29, 4, 2, 3
2017/3/12, 80, 77, 24, 10, 7, 8
2017/3/13, 148, 80, 21, 11, 7, 8
2017/3/14, 150, 78, 22, 10, 6, 8
2017/3/15, 140, 71, 23, 10, 6, 7
2017/3/16, 131, 63, 23, 9, 6, 5
2017/3/17, 102, 53, 33, 6, 5, 3
2017/3/18, 91, 56, 21, 12, 11, 4
2017/3/19, 132, 67, 28, 8, 7, 5
2017/3/20, 122, 64, 25, 7, 4, 5
2017/3/21, 110, 59, 28, 5, 3, 2
2017/3/22, 80, 58, 23, 7, 4, 6
2017/3/23, 116, 48, 32, 4, 3, 2
2017/3/24, 70, 69, 37, 3, 3, 2
2017/3/25, 79, 91, 34, 6, 3, 6
2017/3/26, 125, 99, 26, 8, 5, 7
2017/3/27, 130, 86, 32, 7, 6, 5
2017/3/28, 119, 91, 27, 8, 6, 8
2017/3/29, 125, 73, 34, 4, 3, 2
2017/3/30, 73, 108, 28, 9, 5, 7
2017/3/31, 126, 116, 25, 11, 6, 7
2017/4/1, 131, 115, 26, 12, 11, 6
2016/10/2, 63, 54, 15, 4, 2, 2
2016/10/3, 75, 65, 10, 5, 1, 4
2016/10/4, 119, 72, 7, 7, 11, 4
2016/10/5, 121, 39, 10, 5, 1, 4
2016/10/6, 104, 54, 8, 9, 13, 4
2016/10/7, 120, 38, 13, 4, 2, 3
2016/10/8, 91, 47, 13, 3, 1, 3
2016/10/9, 100, 70, 11, 7, 5, 4
2016/10/10, 125, 71, 18, 4, 3, 2
2016/10/11, 90, 70, 15, 6, 2, 4
2016/10/12, 117, 83, 12, 7, 3, 5
2016/10/13, 129, 117, 11, 9, 3, 6
2016/10/14, 145, 103, 19, 8, 6, 4
2016/10/15, 132, 98, 16, 4, 2, 2
2016/10/16, 105, 30, 11, 2, 1, 3
2016/10/17, 81, 56, 12, 7, 6, 3
2016/10/18, 96, 83, 14, 5, 3, 2
2016/10/19, 94, 49, 20, 6, 13, 1
2016/10/20, 75, 44, 13, 5, 3, 1
2016/10/21, 68, 62, 11, 6, 3, 3
2016/10/22, 101, 79, 12, 6, 4, 4
2016/10/23, 112, 93, 8, 8, 5, 5
2016/10/24, 146, 38, 12, 2, 2, 1
2016/10/25, 78, 33, 12, 2, 2, 2
2016/10/26, 95, 80, 12, 9, 6, 8
2016/10/27, 166, 42, 13, 4, 2, 3
2016/10/28, 100, 139, 12, 8, 5, 7
2016/10/29, 160, 93, 16, 5, 6, 5
2016/10/30, 127, 124, 14, 3, 3, 5
2016/10/31, 142, 183, 9, 7, 8, 10
2016/11/1, 194, 190, 7, 8, 8, 11
2016/11/2, 204, 253, 4, 12, 13, 15
2016/11/3, 231, 131, 5, 14, 12, 8
2016/11/4, 149, , , , , 
2016/11/10, 156, 60, 11, 8, 5, 6
2016/11/11, 144, 90, 9, 11, 9, 10
2016/11/12, 189, 83, 8, 12, 10, 9
2016/11/13, 185, 60, 13, 7, 8, 5
2016/11/14, 138, 93, 4, 12, 13, 10
2016/11/15, 190, 79, 6, 13, 13, 10
2016/11/16, 175, 86, 7, 16, 13, 11
2016/11/17, 183, 66, 8, 12, 10, 7
2016/11/18, 158, 60, 5, 5, 4, 4
2016/11/19, 141, 62, 6, 5, 5, 6
2016/11/20, 147, 117, 5, 8, 6, 13
2016/11/21, 234, 75, 10, 8, 6, 8
2016/11/22, 171, 132, 6, 11, 9, 18
2016/11/23, 262, 185, 2, 16, 12, 26
2016/11/24, 346, 126, 1, 16, 15, 17
2016/11/25, 247, 87, 8, 15, 18, 11
2016/11/26, 188, 131, 7, 16, 14, 20
2016/11/27, 261, , , , , 
2016/12/6, 222, 132, 3, 18, 20, 21
2016/12/7, 259, 114, 8, 20, 23, 20
2016/12/8, 230, 92, 5, 15, 15, 13
2016/12/9, 194, 101, 2, 17, 17, 14
2016/12/10, 201, 79, 5, 15, 16, 11
2016/12/11, 172, 102, 4, 19, 20, 17
2016/12/12, 205, 101, 3, 17, 18, 16
2016/12/13, 209, 97, 3, 16, 14, 14
2016/12/14, 199, 85, 8, 14, 14, 12
2016/12/15, 186, 113, 2, 19, 19, 18
2016/12/16, 226, 122, 2, 20, 23, 20
2016/12/17, 230, 92, 2, 18, 18, 14
2016/12/18, 191, 94, 3, 18, 17, 15
2016/12/19, 196, 80, 5, 17, 16, 12
2016/12/20, 178, 110, 6, 22, 19, 21
2016/12/21, 222, 82, 7, 11, 8, 10
2016/12/22, 186, 88, 10, 14, 11, 11
2016/12/23, 194, 114, 3, 17, 12, 15
2016/12/24, 228, 85, 14, 16, 15, 10
2016/12/25, 186, 95, 8, 12, 9, 11
2016/12/26, 202, 120, 3, 18, 16, 16
2016/12/27, 239, 118, 1, 21, 17, 16
2016/12/28, 235, 135, 3, 16, 16, 15
2016/12/29, 264, 122, , , , 
2016/12/30, 240, 103, , , , 
2016/12/31, 207, 148, , , , 
2017/1/1, 288, 82, , , , 
2017/1/2, 181, 143, , , , 
2016/7/2, 69, 89, 21, 5, 4, 1
2016/7/3, 73, 79, 5, 6, 4, 2
2016/7/4, 78, 90, 20, 3, 5, 1
2016/7/5, 67, 64, 23, 6, 4, 1
2016/7/6, 58, 61, 39, 3, 4, 1
2016/7/7, 59, 61, 21, 8, 5, 2
2016/7/8, 88, 59, 32, 6, 4, 2
2016/7/9, 95, 65, 21, 6, 5, 2
2016/7/10, 82, 16, 17, 3, 3, 1
2016/7/11, 45, 15, 25, 1, 3, 1
2016/7/12, 46, 35, 22, 2, 3, 1
2016/7/13, 76, 65, 21, 4, 5, 2
2016/7/14, 110, 54, 26, 3, 4, 1
2016/7/15, 76, 34, 21, 2, 3, 1
2016/7/16, 57, 44, 19, 3, 3, 1
2016/7/17, 47, 66, 19, 4, 9, 1
2016/7/18, 48, 48, 18, 3, 3, 1
2016/7/19, 47, 36, 20, 5, 6, 1
2016/7/20, 34, 56, 19, 8, 12, 1
2016/7/21, 52, 31, 18, 3, 5, 1
2016/7/22, 40, 8, 18, 2, 3, 1
2016/7/23, 27, 41, 25, , 3, 2
2016/7/24, 99, 106, 20, 4, 3, 7
2016/7/25, 194, 81, 18, 4, 3, 4
2016/7/26, 150, 76, 25, 3, 4, 3
2016/7/27, 123, 88, 28, 5, 4, 3
2016/7/28, 135, 86, 26, 4, 4, 4
2016/7/29, 140, 53, 24, 4, 4, 2
2016/7/30, 85, 52, 19, 4, 6, 2
2016/7/31, 74, , , , , 
2016/8/2, 69, 55, 16, 5, 7, 2
2016/8/3, 66, , , , , 
2016/8/8, 65, 58, 17, 2, 5, 1
2016/8/9, 47, 23, 23, 4, 3, 1
2016/8/10, 38, 11, 16, 3, 3, 1
2016/8/11, 39, 16, 13, 1, 3, 1
2016/8/12, 18, 23, 19, 1, 2, 1
2016/8/13, 21, 24, 13, 1, 3, 1
2016/8/14, 31, 25, 20, 3, 6, 1
2016/8/15, 41, 44, 17, 3, 5, 1
2016/8/16, 49, 45, 20, 5, 4, 1
2016/8/17, 51, 23, 19, 3, 3, 1
2016/8/18, 39, 39, 11, 3, 3, 1
2016/8/19, 46, 41, 14, 4, 2, 1
2016/8/20, 42, 63, 14, 3, , 1
2016/8/21, 60, 35, 17, 3, , 1
2016/8/22, 40, 10, 16, 2, , 1
2016/8/23, 22, 26, 18, 3, 2, 1
2016/8/24, 49, 19, 13, 1, 2, 1
2016/8/25, 33, 43, 14, 2, , 1
2016/8/26, 50, 81, 17, 4, , 1
2016/8/27, 69, 82, 14, 4, 1, 1
2016/8/28, 74, 69, 24, 3, 1, 1
2016/8/29, 59, 30, 27, 2, , 1
2016/8/30, 35, 14, 18, 4, 1, 1
2016/8/31, 38, 24, 17, 4, , 1
2016/9/1, 40, 40, 16, 4, 3, 2
2016/9/2, 60, 43, 18, 5, 1, 1
2016/9/3, 52, 17, 9, 3, 2, 1
2016/9/4, 33, 16, 8, , , 1
2016/9/5, 22, 32, 10, 2, 1, 1
2016/9/6, 40, 35, 13, 2, , 1
2016/9/7, 54, 52, 20, 1, , 1
2016/9/8, 71, 60, 18, 1, , 1
2016/9/9, 62, 43, 13, 5, 4, 1
2016/9/10, 57, 68, 14, 4, 1, 2
2016/9/11, 70, 80, 15, 4, 1, 1
2016/9/12, 69, 67, 15, 4, 2, 1
2016/9/13, 66, 53, 17, 5, 2, 1
2016/9/14, 66, 65, 17, 5, 1, 1
2016/9/15, 75, 76, 14, 7, 3, 1
2016/9/16, 81, 66, 14, 6, 4, 2
2016/9/17, 83, 41, 10, 6, 3, 2
2016/9/18, 85, 41, 15, 3, , 2
2016/9/19, 68, 29, 18, 3, 2, 1
2016/9/20, 37, 27, 14, 4, 1, 1
2016/9/21, 45, 38, 18, 5, 4, 1
2016/9/22, 63, 69, 12, 5, 1, 2
2016/9/23, 76, 25, 14, 6, 2, 1
2016/9/24, 55, 56, 16, 3, 1, 3
2016/9/25, 133, 42, 19, 4, 1, 3
2016/9/26, 119, 66, 15, 2, , 3
2016/9/27, 161, 74, 15, 5, 1, 4
2016/9/28, 151, 50, 17, 4, 2, 2
2016/9/29, 109, 56, 14, 5, 1, 3
2016/9/30, 99, 59, 15, 5, 3, 2
2016/10/1, 83, 54, 14, 3, 1, 1
2016/4/2, 38, 41, 20, 2, 2, 2
2016/4/3, 67, 73, 18, 4, 2, 4
2016/4/4, 107, 71, 21, 5, 3, 4
2016/4/5, 102, 71, 19, 6, 5, 3
2016/4/6, 95, 106, 26, 3, 3, 2
2016/4/7, 99, 78, 23, 1, 2, 1
2016/4/8, 91, 81, 24, 3, 2, 2
2016/4/9, 77, 64, 23, 5, 3, 2
2016/4/10, 80, 117, 21, 4, 3, 2
2016/4/11, 93, 71, 20, 3, 2, 1
2016/4/12, 76, 127, 21, 4, 2, 3
2016/4/13, 114, 51, 20, 2, 3, 1
2016/4/14, 60, 91, 24, 5, 4, 2
2016/4/15, 95, 74, 21, 1, 2, 1
2016/4/16, 58, 13, 22, , , 1
2016/4/17, 36, 39, 23, 3, 1, 3
2016/4/18, 75, 57, 21, 4, 2, 2
2016/4/19, 83, 93, 27, 4, 5, 2
2016/4/20, 95, 212, 29, 4, 1, 3
2016/4/21, 132, 150, 29, 1, 1, 1
2016/4/22, 93, 85, 28, 1, 1, 1
2016/4/23, 79, 134, 27, 5, 3, 3
2016/4/24, 118, 59, 22, 2, 3, 1
2016/4/25, 72, 107, 21, 5, 3, 3
2016/4/26, 116, 71, 22, 6, 4, 2
2016/4/27, 87, , , , , 
2016/5/4, 115, 56, 18, 4, 3, 2
2016/5/5, 72, 21, 25, 1, , 1
2016/5/6, 43, 55, 20, 5, 1, 3
2016/5/7, 79, 91, 26, 4, , 2
2016/5/8, 70, 64, 19, 5, 2, 3
2016/5/9, 82, 80, 26, 4, 1, 2
2016/5/10, 72, 66, 24, 5, 2, 2
2016/5/11, 89, 30, 22, 3, 1, 2
2016/5/12, 66, 30, 25, 5, 1, 3
2016/5/13, 66, 63, 25, 4, 1, 2
2016/5/14, 64, 26, 22, 2, 1, 1
2016/5/15, 30, 84, 22, 6, 1, 3
2016/5/16, 85, 81, 25, 6, 1, 2
2016/5/17, 72, 89, 23, 7, 3, 2
2016/5/18, 71, 88, 23, 5, 2, 1
2016/5/19, 73, 56, 20, 6, 3, 1
2016/5/20, 60, 42, 19, 3, 8, 1
2016/5/21, 51, 62, 23, 5, 4, 1
2016/5/22, 56, 84, 18, 5, 4, 2
2016/5/23, 71, 88, 23, 6, 4, 2
2016/5/24, 84, 101, 27, 5, 2, 2
2016/5/25, 99, 55, 27, 2, 2, 1
2016/5/26, 53, 85, 19, 7, 3, 3
2016/5/27, 88, , , , , 
2016/6/12, 76, 39, 15, 5, 6, 2
2016/6/13, 69, 45, 25, 5, 4, 2
2016/6/14, 66, 24, 20, 3, 3, 2
2016/6/15, 57, 58, 18, 5, 2, 2
2016/6/16, 83, 76, 21, 4, 2, 3
2016/6/17, 115, 66, 21, 6, 3, 3
2016/6/18, 116, 71, 17, 5, 3, 2
2016/6/19, 109, 25, 17, 2, 2, 1
2016/6/20, 33, 27, 16, 3, 2, 2
2016/6/21, 40, 12, 20, 2, 2, 1
2016/6/22, 26, 5, 10, 1, 3, 1
2016/6/23, 16, 20, 16, 5, 2, 1
2016/6/24, 47, 58, 15, 4, 3, 1
2016/6/25, 72, 93, 16, 5, 3, 1
2016/6/26, 77, 62, 20, 3, 3, 1
2016/6/27, 47, 54, 24, 2, 6, 1
2016/6/28, 66, 49, 15, 3, 6, 1
2016/6/29, 95, 27, 18, 1, 3, 1
2016/6/30, 47, 50, 19, 4, 4, 1
2016/7/1, 55, 88, 15, 3, 4, 1
2016/1/5, 135, 97, 17, 10, 13, 16
2016/1/6, 202, 46, 12, 6, 8, 6
2016/1/7, 118, 82, 11, 9, 11, 11
2016/1/8, 183, 148, 1, 14, 22, 22
2016/1/9, 264, 96, 7, , 23, 14
2016/1/10, 203, 109, 7, , 17, 17
2016/1/11, 225, 127, 2, , 24, 19
2016/1/12, 249, 175, 2, , 29, 26
2016/1/13, 311, 122, 5, 12, 20, 18
2016/1/14, 245, 87, 11, 10, 13, 12
2016/1/15, 194, 140, 4, 17, 18, 22
2016/1/16, 267, 73, 10, 9, 11, 9
2016/1/17, 166, 68, 12, 6, 9, 7
2016/1/18, 161, 96, 12, 10, 12, 11
2016/1/19, 206, 122, 7, 13, 18, 17
2016/1/20, 245, 117, 6, 14, 23, 17
2016/1/21, 238, 60, 16, 4, 8, 6
2016/1/22, 130, 42, 18, 3, 7, 4
2016/1/23, 95, 52, 10, 5, 10, 6
2016/1/24, 143, 178, 5, 20, 37, 26
2016/1/25, 325, 163, 5, 19, 38, 25
2016/1/26, 299, 78, 11, 10, 18, 11
2016/1/27, 175, 148, 1, 18, 33, 26
2016/1/28, 289, , , , , 
2016/2/16, 136, 119, 5, 14, 31, 19
2016/2/17, 233, 76, 12, 9, 14, 11
2016/2/18, 156, 89, 14, 9, 5, 11
2016/2/19, 165, 70, 12, 8, 5, 8
2016/2/20, 149, 93, 10, 12, 10, 10
2016/2/21, 184, 57, 18, 8, 6, 5
2016/2/22, 120, 57, 18, 7, 4, 6
2016/2/23, 136, 92, 13, 11, 8, 11
2016/2/24, 183, 86, 13, 10, 7, 11
2016/2/25, 179, 80, 13, 10, 6, 10
2016/2/26, 166, 94, 4, 17, 13, 14
2016/2/27, 194, 65, 12, 9, 6, 7
2016/2/28, 132, 94, 9, 16, 12, 13
2016/2/29, 191, 33, 13, 5, 3, 3
2016/3/1, 84, 89, 14, 14, 11, 11
2016/3/2, 185, 61, 11, 10, 7, 7
2016/3/3, 147, 55, 14, 11, 7, 6
2016/3/4, 118, 28, 22, 4, 5, 2
2016/3/5, 72, 35, 17, 5, 2, 4
2016/3/6, 99, 53, 21, 8, 5, 6
2016/3/7, 117, 43, 20, 5, 2, 4
2016/3/8, 106, 50, 20, 6, 3, 5
2016/3/9, 114, 57, 21, 6, 3, 6
2016/3/10, 118, 54, 17, 7, 3, 6
2016/3/11, 127, 61, 17, 9, 5, 7
2016/3/12, 134, 45, 22, 6, 2, 5
2016/3/13, 114, 62, 18, 10, 6, 8
2016/3/14, 138, 65, 12, 11, 8, 7
2016/3/15, 148, 61, 13, 11, 6, 7
2016/3/16, 140, 63, 18, 9, 6, 6
2016/3/17, 111, 21, 23, 4, 2, 3
2016/3/18, 63, 43, 21, 8, 6, 4
2016/3/19, 100, 56, 9, 8, 8, 5
2016/3/20, 113, 49, 14, 6, 6, 4
2016/3/21, 92, 47, 9, 8, 5, 4
2016/3/22, 96, 62, 16, 7, 5, 6
2016/3/23, 114, 57, 16, 7, 5, 5
2016/3/24, 109, 49, 15, 6, 6, 3
2016/3/25, 75, 85, 18, 8, 5, 6
2016/3/26, 127, 86, 18, 6, 3, 4
2016/3/27, 108, 79, 20, 5, 4, 4
2016/3/28, 105, 35, 21, 1, 1, 1
2016/3/29, 46, 53, 23, 2, , 2
2016/3/30, 59, 91, 17, 7, 3, 4
2016/3/31, 105, 22, 20, 4, 3, 2
2016/4/1, 55, 16, 23, 1, , 1
2015/10/2, 52, 48, 16, 4, 3, 3
2015/10/3, 68, 110, 11, 8, 3, 4
2015/10/4, 106, 119, 12, 8, 4, 4
2015/10/5, 117, 154, 10, 9, 5, 4
2015/10/6, 130, 105, 17, 7, 4, 3
2015/10/7, 103, 16, 12, 2, 2, 2
2015/10/8, 44, 35, 15, 3, 3, 3
2015/10/9, 59, 62, 18, 2, 2, 2
2015/10/10, 61, 77, 15, 5, 3, 4
2015/10/11, 104, 184, 9, 9, 5, 6
2015/10/12, 139, 212, 7, 11, 6, 6
2015/10/13, 164, 229, 7, 11, 6, 6
2015/10/14, 159, 216, 6, 11, 9, 5
2015/10/15, 149, 186, 6, 12, 8, 5
2015/10/16, 150, 127, 14, 8, 14, 2
2015/10/17, 116, 125, 13, 4, 3, 3
2015/10/18, 112, 192, 15, 10, 11, 4
2015/10/19, 142, 164, 8, 9, 5, 8
2015/10/20, 154, 126, 7, 9, 6, 7
2015/10/21, 138, 122, 6, 8, 5, 7
2015/10/22, 151, 160, 7, 10, 7, 7
2015/10/23, 161, 266, 8, 11, 7, 9
2015/10/24, 175, 198, 15, 7, 7, 3
2015/10/25, 119, 50, 10, 5, 5, 2
2015/10/26, 67, 29, 11, 4, 3, 3
2015/10/27, 84, 28, 13, 3, 3, 4
2015/10/28, 81, 42, 14, 2, 4, 2
2015/10/29, 72, 50, 15, 5, 5, 5
2015/10/30, 105, 66, 9, 7, 5, 7
2015/10/31, 123, 78, 10, 10, 8, 9
2015/11/1, 140, 104, 3, 13, 11, 10
2015/11/2, 163, 80, 5, 11, 10, 6
2015/11/3, 122, 50, 13, 4, 5, 3
2015/11/4, 80, 50, 11, 4, 5, 3
2015/11/5, 79, 78, 8, 8, 10, 6
2015/11/6, 133, 73, 14, 6, 9, 5
2015/11/7, 108, 63, 12, 5, 6, 3
2015/11/8, 87, 108, 6, 8, 9, 10
2015/11/9, 161, 146, 3, 10, 11, 11
2015/11/10, 170, 107, 6, 10, 10, 8
2015/11/11, 135, 131, 3, 13, 14, 8
2015/11/12, 156, 123, 4, 9, 10, 8
2015/11/13, 144, 130, 8, 9, 10, 8
2015/11/14, 156, 50, 10, 4, 5, 4
2015/11/15, 104, 75, 8, 7, 9, 6
2015/11/16, 148, 56, 9, 6, 6, 7
2015/11/17, 136, 99, 2, 13, 11, 13
2015/11/18, 199, 104, 4, 14, 13, 14
2015/11/19, 210, 85, 11, 14, 17, 10
2015/11/20, 182, 102, 7, 13, 15, 13
2015/11/21, 202, 112, 3, 16, 19, 13
2015/11/22, 208, 108, 31, 15, 18, 15
2015/11/23, 220, 113, 2, 16, 19, 16
2015/11/24, 224, 90, 9, 13, 19, 10
2015/11/25, 187, 110, 5, 15, 21, 15
2015/11/26, 213, 115, 3, 18, 25, 17
2015/11/27, 225, 119, , 21, 31, 19
2015/11/28, 222, 89, 3, 16, 23, 14
2015/11/29, 188, 79, 5, 15, 21, 11
2015/11/30, 175, 79, 8, 16, 21, 12
2015/12/1, 176, 33, 11, 6, 11, 5
2015/12/2, 90, 32, 12, 4, 8, 4
2015/12/3, 90, 72, 7, 9, 13, 12
2015/12/4, 168, 133, 3, 13, 20, 26
2015/12/5, 269, 102, 2, 16, 20, 17
2015/12/6, 208, 110, 2, 17, 20, 18
2015/12/7, 213, 113, 3, 19, 24, 19
2015/12/8, 217, 83, 3, 15, 20, 13
2015/12/9, 181, 102, 1, 15, 14, 14
2015/12/10, 209, 74, 5, 14, 17, 9
2015/12/11, 165, 76, 5, 10, 9, 10
2015/12/12, 169, 117, 1, 15, 12, 17
2015/12/13, 217, 87, 6, 11, 9, 15
2015/12/14, 188, 47, 8, 6, 3, 5
2015/12/15, 131, 59, 9, 5, 3, 7
2015/12/16, 143, 131, 1, 14, 17, 21
2015/12/17, 253, 114, , 15, 17, 15
2015/12/18, 217, 95, 2, 15, 14, 12
2015/12/19, 194, 117, 1, 16, 13, 17
2015/12/20, 228, 134, 1, 16, 15, 18
2015/12/21, 251, 88, 6, 14, 16, 11
2015/12/22, 187, 68, 7, 11, 11, 9
2015/12/23, 161, 119, 4, 12, 14, 17
2015/12/24, 243, 134, 1, 14, 20, 18
2015/12/25, 252, 180, 1, 20, 33, 30
2015/12/26, 334, 133, , 17, 22, 20
2015/12/27, 257, 91, 1, 14, 17, 12
2015/12/28, 192, 97, 1, 14, 19, 13
2015/12/29, 199, 112, 2, 14, 21, 18
2015/12/30, 231, 80, 2, 14, 17, 11
2015/12/31, 181, , , , , 
2016/1/4, 159, 50, 9, 6, 6, 6
2015/7/2, 92, 122, 18, 6, 7, 2
2015/7/3, 126, 152, 22, 4, 6, 1
2015/7/4, 114, 107, 25, 2, 4, 1
2015/7/5, 92, 34, 24, 3, 5, 1
2015/7/6, 38, 40, 25, 5, 5, 1
2015/7/7, 41, 75, 19, 4, 6, 1
2015/7/8, 84, 22, 19, 2, 5, 1
2015/7/9, 28, 121, 27, 4, 5, 1
2015/7/10, 74, 75, 29, 2, 5, 1
2015/7/11, 53, 62, 18, 4, 8, 2
2015/7/12, 59, 72, 31, 2, 7, 2
2015/7/13, 73, 11, 27, 1, 4, 1
2015/7/14, 18, 33, 20, 3, 6, 1
2015/7/15, 46, 40, 26, 4, 6, 1
2015/7/16, 64, 15, 25, 4, 6, 2
2015/7/17, 42, 15, 23, 4, 6, 2
2015/7/18, 46, 20, 15, 5, 7, 3
2015/7/19, 55, 24, 6, 4, 5, 2
2015/7/20, 61, 31, 10, 4, 5, 3
2015/7/21, 71, 35, 15, 3, 5, 2
2015/7/22, 70, 58, 21, 4, 5, 2
2015/7/23, 86, 99, 15, 6, 5, 2
2015/7/24, 117, 60, 6, 4, 4, 2
2015/7/25, 87, 35, 21, 1, 5, 1
2015/7/26, 62, 48, 17, 3, 5, 1
2015/7/27, 55, 23, 22, 1, , 1
2015/7/28, 22, 41, 14, 6, 5, 1
2015/7/29, 47, 35, 10, 5, 5, 2
2015/7/30, 52, 44, 21, 5, 5, 1
2015/7/31, 54, 23, 23, 3, 5, 1
2015/8/1, 39, 8, 17, 1, 5, 1
2015/8/2, 32, 18, 19, , , 1
2015/8/3, 31, 56, 12, 3, 5, 1
2015/8/4, 55, 33, 15, 5, 5, 1
2015/8/5, 54, 32, 18, 1, 5, 1
2015/8/6, 42, 64, 12, 4, 6, 2
2015/8/7, 66, 88, 11, 4, 6, 1
2015/8/8, 74, 106, 17, 5, 7, 1
2015/8/9, 76, 98, 13, 4, 6, 1
2015/8/10, 78, 131, 26, 4, 6, 1
2015/8/11, 96, 90, 17, 4, 7, 2
2015/8/12, 100, 70, 27, 3, 7, 2
2015/8/13, 88, 32, 18, 1, 6, 3
2015/8/14, 92, 71, 15, 4, 6, 3
2015/8/15, 124, 70, 30, 4, 6, 1
2015/8/16, 68, 112, 29, 1, 8, 1
2015/8/17, 70, 20, 20, 2, 8, 1
2015/8/18, 24, 29, 18, 3, 7, 1
2015/8/19, 36, 19, 13, 1, 7, 1
2015/8/20, 58, 39, 18, 3, 7, 2
2015/8/21, 78, 60, 12, 2, 7, 1
2015/8/22, 65, 51, 8, 3, 8, 1
2015/8/23, 75, 115, 15, 3, 8, 1
2015/8/24, 67, 81, 22, 4, 9, 1
2015/8/25, 71, 59, 26, 6, 10, 1
2015/8/26, 54, 80, 13, 5, 9, 1
2015/8/27, 64, 97, 15, 5, 7, 2
2015/8/28, 83, 110, 21, 7, 1, 2
2015/8/29, 106, 73, 14, 6, 1, 2
2015/8/30, 95, 95, 12, 5, 1, 2
2015/8/31, 79, 105, 13, 5, 1, 2
2015/9/1, 89, 49, 12, 3, 1, 2
2015/9/2, 80, 47, 5, 5, 2, 2
2015/9/3, 86, 70, 15, 6, 2, 2
2015/9/4, 81, 54, 18, 6, 3, 2
2015/9/5, 61, 49, 12, 3, 1, 2
2015/9/6, 64, 83, 11, 6, 3, 2
2015/9/7, 72, 12, 15, 3, 1, 1
2015/9/8, 24, 30, 13, 1, , 1
2015/9/9, 33, 63, 14, 5, 1, 2
2015/9/10, 67, 57, 14, 6, 2, 2
2015/9/11, 64, 41, 18, 2, , 1
2015/9/12, 40, 106, 12, 6, 1, 2
2015/9/13, 94, 122, 13, 7, 1, 2
2015/9/14, 96, 129, 15, 7, 5, 2
2015/9/15, 87, 79, 21, 3, 2, 1
2015/9/16, 67, 71, 15, 6, 3, 2
2015/9/17, 70, 128, 12, 6, 2, 2
2015/9/18, 88, 169, 12, 7, 2, 2
2015/9/19, 109, 122, 16, 7, 4, 2
2015/9/20, 92, 134, 11, 9, 4, 3
2015/9/21, 96, 45, 14, 5, 2, 2
2015/9/22, 61, 31, 17, 4, 1, 2
2015/9/23, 55, 17, 7, 6, 3, 2
2015/9/24, 49, 5, 8, 1, 1, 1
2015/9/25, 22, 33, 9, 4, 3, 3
2015/9/26, 69, 31, 12, 6, 3, 2
2015/9/27, 55, 51, 10, 4, 2, 2
2015/9/28, 77, 114, 20, 5, 3, 3
2015/9/29, 117, 64, 17, 2, 1, 1
2015/9/30, 56, 17, 12, 2, 2, 2
2015/10/1, 49, 35, 17, 3, 2, 2
2015/4/2, 131, 45, , 6, 4, 5
2015/4/3, 96, 63, , 9, 7, 4
2015/4/4, 106, 30, , 3, 4, 3
2015/4/5, 70, 25, , 3, 2, 3
2015/4/6, 69, 58, , 5, 4, 5
2015/4/7, 120, 60, , 5, 4, 6
2015/4/8, 114, 69, , 6, 4, 5
2015/4/9, 111, 79, , 6, 5, 6
2015/4/10, 118, 98, , 7, 6, 4
2015/4/11, 113, 53, , 2, 2, 2
2015/4/12, 72, 89, , 5, 4, 5
2015/4/13, 116, 117, , 8, 5, 5
2015/4/14, 124, 277, , 6, 5, 4
2015/4/15, 160, 60, , 2, 2, 2
2015/4/16, 58, 79, , 7, 4, 5
2015/4/17, 110, 115, , 9, 6, 5
2015/4/18, 131, 53, , 2, 1, 1
2015/4/19, 54, 119, , 6, 4, 4
2015/4/20, 114, 141, 22, 6, 3, 3
2015/4/21, 130, 80, 18, 3, 2, 2
2015/4/22, 72, 231, 25, 6, 4, 3
2015/4/23, 157, 89, 20, 4, 2, 3
2015/4/24, 84, 162, 17, 8, 4, 3
2015/4/25, 124, 208, 17, 8, 4, 3
2015/4/26, 149, 257, 21, 7, 4, 2
2015/4/27, 164, 112, 16, 5, 3, 2
2015/4/28, 92, 151, 16, 6, 5, 2
2015/4/29, 125, 126, 21, 5, 4, 2
2015/4/30, 111, 100, 17, 10, 3, 2
2015/5/1, 94, 24, 22, 3, 2, 2
2015/5/2, 45, 77, 23, 2, 2, 2
2015/5/3, 66, 154, 18, 5, 2, 3
2015/5/4, 140, 86, 23, 6, 6, 2
2015/5/5, 71, 42, 24, 2, 2, 2
2015/5/6, 53, 57, 20, 3, 4, 1
2015/5/7, 59, 87, 18, 4, 4, 3
2015/5/8, 106, 91, 16, 5, 4, 3
2015/5/9, 119, 75, 20, 5, 5, 2
2015/5/10, 77, 75, 27, 5, 5, 2
2015/5/11, 86, 90, 20, 5, 4, 3
2015/5/12, 101, 156, 22, 6, 4, 2
2015/5/13, 122, 65, 29, 1, 2, 1
2015/5/14, 64, 70, 24, 3, 4, 1
2015/5/15, 80, 138, 17, 8, 5, 4
2015/5/16, 125, , , , , 
2015/5/20, 92, 187, 24, 7, 4, 2
2015/5/21, 132, 134, 17, 6, 4, 2
2015/5/22, 110, 125, 17, 7, 4, 2
2015/5/23, 118, 114, 15, 5, 4, 1
2015/5/24, 110, 167, 22, 5, 9, 2
2015/5/25, 125, 87, 17, 4, 9, 1
2015/5/26, 84, 60, 20, 3, 4, 1
2015/5/27, 57, 50, 21, 5, 5, 1
2015/5/28, 49, 24, 20, 1, 3, 1
2015/5/29, 22, 114, 15, 5, 4, 2
2015/5/30, 82, 122, 22, 4, 4, 1
2015/5/31, 86, 27, 17, 1, 3, 1
2015/6/1, 32, 29, 23, 1, 3, 1
2015/6/2, 43, 67, 17, 3, 3, 1
2015/6/3, 65, 131, 22, 6, 2, 1
2015/6/4, 105, 46, 20, 2, 3, 1
2015/6/5, 48, 45, 17, 1, 3, 1
2015/6/6, 44, 61, 18, 2, 2, 1
2015/6/7, 54, 79, 16, 4, 3, 1
2015/6/8, 71, 58, 17, 5, 6, 1
2015/6/9, 56, 71, 16, 6, 6, 2
2015/6/10, 68, 82, 21, 2, 4, 1
2015/6/11, 67, 149, 24, 3, 4, 1
2015/6/12, 107, 62, 18, 1, 3, 1
2015/6/13, 64, 76, 20, 4, 4, 2
2015/6/14, 70, 97, 22, 3, 4, 2
2015/6/15, 81, 89, 20, 4, 6, 1
2015/6/16, 78, 74, 22, 3, 6, 1
2015/6/17, 66, 79, 14, 4, 6, 2
2015/6/18, 77, 122, 22, 5, 5, 2
2015/6/19, 96, 99, 13, 4, 6, 1
2015/6/20, 82, , , , , 
2015/6/22, 86, 104, 21, 4, 5, 2
2015/6/23, 88, 82, 15, 4, 7, 2
2015/6/24, 85, 63, 19, 2, 5, 1
2015/6/25, 60, 141, 19, 6, 6, 2
2015/6/26, 115, 201, 21, 6, 7, 2
2015/6/27, 127, 42, 12, 1, 5, 1
2015/6/28, 45, 111, 16, 6, 7, 1
2015/6/29, 89, 111, 17, 3, 6, 1
2015/6/30, 104, 137, 20, 2, 8, 1
2015/7/1, 118, 99, 21, 2, 4, 1
2015/1/2, 196, 90, , 18, 18, 16
2015/1/3, 191, 115, , 21, 25, 23
2015/1/4, 226, 59, , 11, 14, 10
2015/1/5, 129, 70, , 9, 10, 12
2015/1/6, 160, 97, , 16, 19, 16
2015/1/7, 195, 88, , 16, 18, 13
2015/1/8, 182, 147, , 20, 21, 27
2015/1/9, 272, 132, , 22, 24, 23
2015/1/10, 249, 111, , 19, 23, 20
2015/1/11, 214, 110, , 20, 26, 19
2015/1/12, 210, 105, , 17, 19, 19
2015/1/13, 213, 116, , 18, 19, 20
2015/1/14, 222, 86, , 14, 15, 13
2015/1/15, 181, 55, , 8, 9, 8
2015/1/16, 139, 83, , 12, 10, 12
2015/1/17, 172, 61, , 8, 7, 7
2015/1/18, 127, 69, , 10, 7, 11
2015/1/19, 157, 109, , 17, 14, 18
2015/1/20, 211, 117, , 16, 11, 21
2015/1/21, 226, 103, , 16, 13, 16
2015/1/22, 194, 68, , 11, 11, 10
2015/1/23, 137, 84, , 12, 10, 12
2015/1/24, 169, 91, , 12, 12, 12
2015/1/25, 170, 61, , 7, 7, 7
2015/1/26, 122, 72, , 8, 9, 10
2015/1/27, 154, 127, , 15, 15, 16
2015/1/28, 205, 84, , 11, 12, 12
2015/1/29, 173, 116, , 14, 14, 20
2015/1/30, 231, 125, , 16, 18, 20
2015/1/31, 233, 113, , 16, 17, 15
2015/2/1, 198, 82, , 13, 16, 10
2015/2/2, 158, 90, , 15, 20, 13
2015/2/3, 178, 63, , 9, 16, 8
2015/2/4, 144, 58, , 8, 10, 8
2015/2/5, 125, 139, , 17, 15, 21
2015/2/6, 225, 78, , 10, 7, 11
2015/2/7, 132, , , , , 
2015/2/9, 194, 107, , 15, 16, 13
2015/2/10, 182, 131, , 15, 14, 17
2015/2/11, 204, 120, , 16, 11, 16
2015/2/12, 199, 109, , 13, 10, 13
2015/2/13, 176, 144, , 17, 16, 16
2015/2/14, 200, 121, , 15, 15, 13
2015/2/15, 179, 48, , 7, 7, 8
2015/2/16, 123, 94, , 14, 12, 14
2015/2/17, 185, 109, , 13, 10, 13
2015/2/18, 181, 118, , 7, 6, 7
2015/2/19, 122, 109, , 8, 7, 7
2015/2/20, 133, 103, , 8, 6, 8
2015/2/21, 128, 156, , 2, 2, 2
2015/2/22, 101, 106, , 7, 8, 9
2015/2/23, 149, 112, , 9, 8, 10
2015/2/24, 166, 76, , 4, 4, 5
2015/2/25, 107, 65, , 5, 5, 5
2015/2/26, 112, 108, , 7, 7, 9
2015/2/27, 145, 66, , 3, 3, 3
2015/2/28, 70, , , , , 
2015/3/2, 93, 74, , 3, 3, 3
2015/3/3, 73, , , , , 
2015/3/5, 151, 118, , 9, 8, 11
2015/3/6, 160, 94, , 8, 6, 8
2015/3/7, 138, 72, , 7, 8, 5
2015/3/8, 110, 86, , 5, 5, 6
2015/3/9, 117, 129, , 10, 8, 13
2015/3/10, 167, 141, , 9, 9, 10
2015/3/11, 155, 109, , 9, 8, 9
2015/3/12, 146, 119, , 9, 8, 9
2015/3/13, 139, 88, , 7, 6, 6
2015/3/14, 128, 20, , 3, 4, 3
2015/3/15, 67, 30, , 5, 5, 4
2015/3/16, 85, 64, , 10, 7, 9
2015/3/17, 147, 69, , 10, 7, 9
2015/3/18, 144, 65, , 8, 6, 8
2015/3/19, 129, 48, , 5, 5, 5
2015/3/20, 92, 57, , 4, 5, 5
2015/3/21, 97, 60, , 4, 4, 4
2015/3/22, 85, 97, , 8, 7, 8
2015/3/23, 138, 93, , 9, 7, 7
2015/3/24, 128, 89, , 7, 5, 5
2015/3/25, 110, 132, , 7, 6, 6
2015/3/26, 128, 120, , 8, 6, 6
2015/3/27, 132, 38, , 9, 6, 5
2015/3/28, 87, 40, , 7, 5, 6
2015/3/29, 98, 46, , 7, 4, 6
2015/3/30, 99, 18, , 3, 3, 3
2015/3/31, 60, 37, , 5, 5, 4
2015/4/1, 80, 76, , 10, 8, 7
2014/10/21, 232, 281, , 15, 17, 9
2014/10/22, 177, 232, , 16, 19, 7
2014/10/23, 166, 190, , 15, 21, 7
2014/10/24, 159, 162, , 10, 13, 6
2014/10/25, 142, 203, , 6, 9, 3
2014/10/26, 126, 170, , 7, 13, 4
2014/10/27, 134, 136, , 4, 8, 2
2014/10/28, 104, 168, , 7, 13, 3
2014/10/29, 130, 109, , 6, 12, 4
2014/10/30, 121, 187, , 11, 15, 6
2014/10/31, 135, 82, , 5, 12, 4
2014/11/1, 101, 156, , 7, 13, 7
2014/11/2, 136, 302, , 15, 20, 10
2014/11/3, 189, 230, , 16, 23, 9
2014/11/4, 178, 223, , 10, 16, 7
2014/11/5, 161, 216, , 10, 15, 6
2014/11/6, 134, 201, , 15, 20, 9
2014/11/7, 182, 275, , 18, 22, 10
2014/11/8, 198, 321, , 2, 27, 10
2014/11/9, 207, 432, , 22, 31, 14
2014/11/10, 242, 186, , 6, , 4
2014/11/11, 132, 250, , 4, , 4
2014/11/12, 142, 156, , 8, , 7
2014/11/13, 142, 249, , 17, , 14
2014/11/14, 215, 270, , 18, 34, 12
2014/11/15, 208, 214, , 17, 29, 11
2014/11/16, 200, 290, , 20, 30, 13
2014/11/17, 219, 225, , 18, 29, 11
2014/11/18, 199, 297, , 18, 35, 13
2014/11/19, 214, 169, , , 24, 9
2014/11/20, 167, 77, , 11, 11, 5
2014/11/21, 121, 99, , 8, 6, 5
2014/11/22, 123, 202, , 18, 16, 10
2014/11/23, 187, 170, , 19, 19, 13
2014/11/24, 193, 165, , 14, 17, 6
2014/11/25, 150, 253, , 14, 18, 8
2014/11/26, 181, 164, , 6, 6, 6
2014/11/27, 149, 212, , 12, 9, 9
2014/11/28, 178, 357, , 13, 11, 15
2014/11/29, 247, 227, , 10, 10, 13
2014/11/30, 214, 237, , 4, 3, 5
2014/12/1, 161, 250, , 11, 10, 12
2014/12/2, 227, 208, , 12, 15, 13
2014/12/3, 226, 106, , 8, 10, 6
2014/12/4, 154, 195, , 11, 13, 13
2014/12/5, 231, 265, , 16, 20, 15
2014/12/6, 243, 152, , 10, 12, 11
2014/12/7, 191, 115, , 10, 8, 11
2014/12/8, 194, 178, , 17, 10, 13
2014/12/9, 209, 96, , 9, 4, 9
2014/12/10, 159, 76, , 7, 3, 8
2014/12/11, 150, 78, , 8, 4, 10
2014/12/12, 161, 83, , 8, 4, 11
2014/12/13, 164, 170, , 21, 9, 19
2014/12/14, 253, 99, , 8, 4, 7
2014/12/15, 138, 68, , 7, 7, 8
2014/12/16, 150, 68, , 8, 9, 8
2014/12/17, 143, 189, , 20, 17, 25
2014/12/18, 289, 98, , 12, 11, 12
2014/12/19, 172, 76, , 7, 6, 9
2014/12/20, 153, 103, , 9, 11, 13
2014/12/21, 193, 106, , 10, 12, 14
2014/12/22, 201, 119, , 18, 15, 16
2014/12/23, 207, 59, , 10, 10, 7
2014/12/24, 142, 103, , 14, 15, 17
2014/12/25, 198, 101, , 16, 14, 15
2014/12/26, 186, 101, , 15, 14, 17
2014/12/27, 195, 124, , 17, 16, 21
2014/12/28, 222, 89, , 16, 18, 14
2014/12/29, 181, , , , , 
2021/10/25, , 110, 25, 4, 4, 
2021/9/1, , 49, 36, 1, 2, 
2021/6/17, , 5, 32, 2, 4, 
2021/5/23, , 20, 29, 2, 6, 
2021/3/25, , 85, 30, 4, 8, 
2021/2/28, , 50, 21, 8, 20, 
2020/10/8, , 35, 33, 3, 4, 
2020/12/9, , 72, 7, 16, 57, 
2020/7/16, , 7, 24, , , 
2020/8/11, , 71, 32, 1, , 
2020/8/25, , 15, 32, 6, 2, 
2020/8/30, , 11, 36, 4, , 
2020/4/1, , 93, , 4, 2, 
2020/4/27, , 80, , 2, 3, 
2020/6/23, , 28, 29, 3, 1, 
2020/1/1, , 83, 7, 8, 13, 
2019/10/27, , 29, 8, 1, , 
2019/11/3, , 97, 7, 2, 1, 
2019/11/27, , 77, 7, 5, 5, 
2019/12/8, , 93, 6, 10, 12, 
2019/12/29, , 53, 10, 4, 9, 
2019/9/9, , 51, 8, 3, , 
2019/9/18, , 172, 9, 3, , 
2019/9/24, , 127, 7, 2, , 
2019/5/13, , 90, 13, 6, 1, 
2019/1/1, , 116, 7, 13, 8, 
2018/9/23, , 56, 14, 7, 2, 
2018/1/1, , 83, 7, 8, 5, 10
2018/1/24, , 74, 12, 8, 7, 7
2018/2/3, , 114, 13, 11, 8, 14
2017/11/9, , 59, 7, 6, 2, 6
2017/12/14, , 80, 7, 9, 4, 8
2017/7/20, , 19, 25, 3, 1, 1
2017/7/29, , 43, 24, 7, 4, 2
2017/8/7, , 16, 26, 1, , 1
2017/9/11, , 27, 7, 4, , 3
2017/2/5, , 126, 7, 17, 13, 14
2016/11/9, , 62, 11, 8, 5, 6
2016/12/5, , 107, 3, 14, 13, 16
2016/8/1, , 53, 18, 4, 7, 2
2016/8/7, , 43, 7, 4, 5, 2
2016/5/3, , 120, 15, 5, 2, 2
2016/6/11, , 80, 26, 5, 2, 2
2016/2/15, , 52, 10, 7, 14, 6
2016/1/3, , 64, 7, 7, 9, 6
2015/5/19, , 86, 17, 2, 4, 1
2015/6/21, , 109, 16, 4, 5, 2
2015/1/1, , 92, , 15, 19, 16
2015/2/8, , 121, , 14, 14, 14
2015/3/1, , 105, , 3, 3, 2
2015/3/4, , 148, , 7, 10, 8
2014/10/20, , 398, , 20, 25, 11
2021/8/2, , , 36, 4, 6, 
2021/8/3, , , 25, 2, 5, 
2021/8/4, , , 36, 5, 5, 
2021/8/5, , , 24, 2, 4, 
2021/8/6, , , 27, 5, 2, 
2021/8/7, , , 36, 3, , 
2021/8/8, , , 38, , , 
2021/8/9, , , 26, , , 
2021/8/10, , , 39, , 2, 
2021/8/11, , , 36, , 1, 
2021/8/12, , , 27, , 2, 
2021/8/13, , , 42, , 2, 
2021/8/14, , , 31, , 1, 
2021/8/15, , , 33, , 1, 
2021/8/16, , , 35, , , 
2021/8/17, , , 37, , 1, 
2021/8/18, , , 39, , 1, 
2021/8/19, , , 29, , , 
2021/8/20, , , 26, , 2, 
2021/8/21, , , 25, , 3, 
2021/8/22, , , 31, , 1, 
2021/8/23, , , 25, , 1, 
2021/8/24, , , 18, , 1, 
2021/8/25, , , 17, , 1, 
2021/8/26, , , 19, , 2, 
2021/8/27, , , 19, , 2, 
2021/8/28, , , 21, , 2, 
2021/8/29, , , 21, , 3, 
2021/8/30, , , 27, , 2, 
2021/8/31, , , 28, , 2, 
2021/7/2, , , 22, 2, 4, 
2021/7/3, , , 25, 4, 10, 
2021/7/4, , , 27, 4, 9, 
2021/7/5, , , 27, 3, 6, 
2021/7/6, , , 26, 5, 4, 
2021/7/7, , , 34, 5, 4, 
2021/7/8, , , 23, 6, 5, 
2021/7/9, , , 48, 1, 4, 
2021/7/10, , , 31, 5, 5, 
2021/7/11, , , 30, 1, 4, 
2021/7/12, , , 38, , 4, 
2021/7/13, , , 34, , 4, 
2021/7/14, , , 40, , 4, 
2021/7/15, , , 25, , 5, 
2021/7/16, , , 30, , 4, 
2021/7/17, , , 33, , 4, 
2021/7/18, , , 39, , 5, 
2021/7/19, , , 38, , 4, 
2021/7/20, , , 41, , 4, 
2021/7/21, , , 33, , 4, 
2021/7/22, , , 53, , 4, 
2021/7/23, , , 45, , 8, 
2021/7/24, , , 28, , 5, 
2021/7/25, , , 29, , 5, 
2021/7/26, , , 20, , , 
2021/7/30, , , 36, 1, 5, 
2021/7/31, , , 34, 1, 5, 
2021/8/1, , , 24, 4, 6, 
2021/6/8, , , 26, 1, 4, 
2021/6/9, , , 30, 5, 4, 
2021/6/10, , , 28, 5, 5, 
2021/6/11, , , 33, 3, 5, 
2021/6/12, , , 34, 4, 8, 
2021/6/13, , , 38, 3, 9, 
2021/6/14, , , 31, 3, 4, 
2021/6/15, , , 32, 3, 4, 
2021/6/16, , , 29, 4, 4, 
2021/6/27, , , 33, 4, 5, 
2021/6/28, , , 33, 2, 3, 
2021/6/29, , , 19, , 4, 
2021/6/30, , , 24, 1, 5, 
2021/7/1, , , 21, , 4, 
2021/3/12, , , 30, , 13, 
2021/3/13, , , 30, , 17, 
2021/3/14, , , 38, 4, 7, 
2021/3/15, , , 36, 1, 7, 
2021/3/16, , , 30, 4, 9, 
2021/3/17, , , 32, 4, 10, 
2021/3/18, , , 39, , 3, 
2021/3/19, , , 36, 2, 8, 
2021/3/20, , , 35, 4, 13, 
2021/3/21, , , 29, 8, 18, 
2021/3/22, , , 29, 8, 20, 
2021/3/23, , , 32, 10, 20, 
2021/3/24, , , 30, 8, 13, 
2020/10/4, , , 21, 7, 13, 
2020/10/5, , , 23, 8, 10, 
2020/10/6, , , 12, 9, 10, 
2020/10/7, , , 24, 9, 9, 
2020/6/20, , , 28, 2, , 
2020/6/21, , , 17, 1, , 
2020/6/22, , , 26, 2, , 
2021/7/29, , , , 11, 6, 